1,1,ClotherSnow204,Clother,39152,19,1
2,2,StickerOldLace49994,Sticker,29411,71.300003052,1
3,3,WatchTan25930,Watch,48116,27.270000458,1
4,4,BikePowderBlue29221,Bike,49689,17.430000305,1
5,5,LaptopCornflowerBlue44265,Laptop,49255,49.5,1
6,6,PhoneCadetBlue52229,Phone,43691,55.38999939,1
7,7,LampCoral1406,Lamp,56679,60.099998474,1
8,8,JewelryOrchid8094,Jewelry,15472,20,1
9,9,WatchSeaShell48034,Watch,55568,90.309997559,1
10,10,LampLightSeaGreen50760,Lamp,14376,21.510000229,1
11,11,StickerMediumOrchid44054,Sticker,28677,24.120000839,1
12,12,StickerNavy1826,Sticker,11361,3.539999962,1
13,13,JewelryMediumTurquoise16882,Jewelry,33903,92.260002136,1
14,14,MattressDeepSkyBlue16737,Mattress,53529,55.599998474,1
15,15,JewelryGold52680,Jewelry,49581,92.809997559,1
16,16,JewelryPapayaWhip51898,Jewelry,50102,53.509998322,1
17,17,StickerLightSalmon40438,Sticker,10937,2.349999905,1
18,18,StickerAntiqueWhite28723,Sticker,42577,23.430000305,1
19,19,StickerSeaGreen43032,Sticker,42531,26.809999466,1
20,20,PhoneLavender6188,Phone,47957,67.569999695,1
21,21,StickerLinen53180,Sticker,59298,29.350000381,1
22,22,LampCornflowerBlue8116,Lamp,50755,30.200000763,1
23,23,WatchLimeGreen17898,Watch,13907,60,1
24,24,LaptopLightSeaGreen42613,Laptop,50964,74.629997253,1
25,25,MattressDarkCyan34704,Mattress,46028,46.650001526,1
26,26,StickerSilver47018,Sticker,13502,50.979999542,1
27,27,StickerGold42459,Sticker,17487,64.459999084,1
28,28,WatchLightSeaGreen13660,Watch,18508,54.38999939,1
29,29,StickerPeachPuff13030,Sticker,45147,91.599998474,1
30,30,JewelryAqua1524,Jewelry,46531,31.690000534,1
31,31,ClotherThistle55777,Clother,28232,68.300003052,1
32,32,LaptopSnow9598,Laptop,44083,75.489997864,1
33,33,PhoneBlack20286,Phone,10752,39.709999084,1
34,34,ClotherBlanchedAlmond38963,Clother,51127,52.569999695,1
35,35,ClotherCornflowerBlue24085,Clother,35022,39.25,1
36,36,StickerOrange53938,Sticker,43394,57.299999237,1
37,37,MattressDarkSlateGray10882,Mattress,54522,49.310001373,1
38,38,ClotherBlueViolet41126,Clother,34078,89.099998474,1
39,39,PhoneSaddleBrown6224,Phone,41907,25,1
40,40,LampTeal41287,Lamp,57557,65.61000061,1
41,41,JewelryMediumPurple31035,Jewelry,34825,7.889999866,1
42,42,MattressHoneyDew2991,Mattress,38505,14.720000267,1
43,43,MattressSnow7186,Mattress,11328,20.209999084,1
44,44,JewelryMediumSpringGreen44520,Jewelry,38957,24.799999237,1
45,45,BikeGold48616,Bike,47370,14.409999847,1
46,46,WatchTeal2007,Watch,10834,81.529998779,1
47,47,WatchBisque9598,Watch,31284,18.409999847,1
48,48,MattressBeige26326,Mattress,35285,24.25,1
49,49,LaptopPaleTurquoise54082,Laptop,53618,45.520000458,1
50,50,LampLime6896,Lamp,44561,93.910003662,1
51,51,MattressSaddleBrown16009,Mattress,38194,76.88999939,1
52,52,JewelryTomato55473,Jewelry,24695,47.290000916,1
53,53,ClotherYellow4944,Clother,20231,55.759998322,1
54,54,JewelryTeal35400,Jewelry,27085,31.629999161,1
55,55,BikeSpringGreen51220,Bike,13567,83.660003662,1
56,56,LampIndigo36772,Lamp,29709,62.740001678,1
57,57,WatchMagenta7093,Watch,26884,1.330000043,1
58,58,MattressSeaShell36110,Mattress,29598,47.240001678,1
59,59,ClotherDarkGray44343,Clother,34648,14.359999657,1
60,60,PhoneYellow54001,Phone,40302,51.36000061,1
61,61,MattressLightGray53142,Mattress,16882,86.160003662,1
62,62,PhoneHotPink31545,Phone,46963,25.780000687,1
63,63,LaptopOrangeRed2051,Laptop,19775,57.520000458,1
64,64,JewelryMediumTurquoise16587,Jewelry,42338,89.830001831,1
65,65,ClotherYellowGreen15648,Clother,21031,70.949996948,1
66,66,ClotherChartreuse24608,Clother,19229,63.459999084,1
67,67,StickerLightCyan35320,Sticker,25411,73.660003662,1
68,68,StickerOldLace11567,Sticker,23635,3.809999943,1
69,69,LampSeaGreen13473,Lamp,59247,54.520000458,1
70,70,JewelryPurple23260,Jewelry,53127,84.930000305,1
71,71,PhoneMintCream10725,Phone,49861,54.099998474,1
72,72,PhoneSlateBlue53379,Phone,17867,93.529998779,1
73,73,PhoneLightPink14555,Phone,25618,61.459999084,1
74,74,StickerDodgerBlue8948,Sticker,55795,27.440000534,1
75,75,StickerBlue26161,Sticker,18817,71.86000061,1
76,76,LaptopGhostWhite55442,Laptop,43620,81.849998474,1
77,77,BikeGreen33874,Bike,15922,87.300003052,1
78,78,JewelryMintCream41070,Jewelry,51814,28.600000381,1
79,79,MattressLime37067,Mattress,58741,1.690000057,1
80,80,PhoneRoyalBlue20549,Phone,59830,30.670000076,1
81,81,ClotherOrchid30293,Clother,25687,97.819999695,1
82,82,ClotherCyan53282,Clother,34387,85.870002747,1
83,83,MattressFuchsia24289,Mattress,50608,68.13999939,1
84,84,ClotherLightGreen19245,Clother,33517,91.099998474,1
85,85,WatchLightPink3611,Watch,57850,97.779998779,1
86,86,ClotherCornflowerBlue20096,Clother,42014,61.549999237,1
87,87,JewelryDodgerBlue33943,Jewelry,54051,32.290000916,1
88,88,LampIndigo16978,Lamp,12024,86.790000916,1
89,89,PhoneBlanchedAlmond27375,Phone,18943,80.61000061,1
90,90,JewelrySteelBlue27395,Jewelry,59023,21.420000076,1
91,91,LampSpringGreen55675,Lamp,17491,56.869998932,1
92,92,JewelryNavajoWhite43745,Jewelry,25785,20.809999466,1
93,93,JewelryPaleGoldenRod20003,Jewelry,16999,45.560001373,1
94,94,StickerSkyBlue30764,Sticker,36539,88.470001221,1
95,95,StickerMediumTurquoise25666,Sticker,19572,47.349998474,1
96,96,BikeBlue21653,Bike,47256,81.879997253,1
97,97,JewelryDarkMagenta26756,Jewelry,38701,9.890000343,1
98,98,PhoneTomato10372,Phone,56373,19.270000458,1
99,99,LampLightYellow8109,Lamp,33460,41.400001526,1
100,100,JewelryDarkRed29117,Jewelry,26023,66.379997253,1
101,101,MattressForestGreen52615,Mattress,37184,97.819999695,1
102,102,ClotherPaleTurquoise44403,Clother,12382,11.590000153,1
103,103,LaptopBeige27946,Laptop,18922,97.349998474,1
104,104,ClotherSkyBlue40384,Clother,40283,49.669998169,1
105,105,PhoneOlive34283,Phone,11002,9.329999924,1
106,106,StickerMediumAquaMarine43550,Sticker,21163,31.409999847,1
107,107,BikeNavajoWhite51911,Bike,21879,87.220001221,1
108,108,BikePink41744,Bike,24179,79.879997253,1
109,109,MattressLightYellow19567,Mattress,31367,48.180000305,1
110,110,MattressLightYellow25822,Mattress,26611,37.63999939,1
111,111,ClotherRosyBrown25822,Clother,43221,69.169998169,1
112,112,PhoneDeepPink5535,Phone,17986,11.699999809,1
113,113,WatchDarkRed22927,Watch,11155,92.120002747,1
114,114,JewelryBurlyWood27781,Jewelry,48709,3.869999886,1
115,115,JewelryGreenYellow44574,Jewelry,47697,91.180000305,1
116,116,ClotherNavajoWhite28484,Clother,38629,94.790000916,1
117,117,ClotherIndigo42055,Clother,53025,62.36000061,1
118,118,WatchMediumSpringGreen23345,Watch,55104,64.489997864,1
119,119,WatchDarkGoldenRod12464,Watch,28352,28.879999161,1
120,120,MattressAquamarine16484,Mattress,48638,82.580001831,1
121,121,LaptopThistle33143,Laptop,57104,56.229999542,1
122,122,PhoneDarkSalmon39422,Phone,16263,24.350000381,1
123,123,PhoneSalmon3713,Phone,19428,52.319999695,1
124,124,MattressLightSteelBlue44844,Mattress,41504,91.809997559,1
125,125,StickerLightSeaGreen38645,Sticker,26467,58.880001068,1
126,126,JewelryMediumAquaMarine19177,Jewelry,13065,36.689998627,1
127,127,PhoneWhiteSmoke50610,Phone,10598,11.109999657,1
128,128,PhoneLightSalmon10723,Phone,51403,35.380001068,1
129,129,MattressLawnGreen7284,Mattress,31202,63.430000305,1
130,130,LaptopNavy36512,Laptop,55744,38.669998169,1
131,131,MattressGold23709,Mattress,48309,80.400001526,1
132,132,ClotherLightSteelBlue10303,Clother,14663,62.900001526,1
133,133,JewelrySeaShell6916,Jewelry,43910,39.529998779,1
134,134,LampSandyBrown16119,Lamp,47862,13.539999962,1
135,135,ClotherCornflowerBlue38450,Clother,18124,27.299999237,1
136,136,JewelrySnow17147,Jewelry,52861,25.690000534,1
137,137,MattressSienna29148,Mattress,58860,96.510002136,1
138,138,BikePink46448,Bike,53873,65.25,1
139,139,StickerPapayaWhip22638,Sticker,21934,86,1
140,140,WatchGold40229,Watch,30275,32.380001068,1
141,141,PhoneLightPink42162,Phone,40862,63.790000916,1
142,142,PhoneMaroon7481,Phone,19046,41.799999237,1
143,143,LampFuchsia34490,Lamp,23724,42.63999939,1
144,144,LaptopLightCyan10234,Laptop,53290,24.879999161,1
145,145,LaptopGoldenRod37175,Laptop,53063,96.459999084,1
146,146,LaptopLightCyan45469,Laptop,51366,10.170000076,1
147,147,WatchSnow56661,Watch,26797,18.549999237,1
148,148,WatchAquamarine9444,Watch,22958,38.180000305,1
149,149,WatchSandyBrown43015,Watch,19214,38.729999542,1
150,150,PhoneAzure449,Phone,49373,74.970001221,1
151,151,MattressLime29911,Mattress,20701,33.650001526,1
152,152,LaptopIvory30280,Laptop,40705,7.670000076,1
153,153,StickerOldLace43322,Sticker,56789,15.590000153,1
154,154,WatchMediumBlue28655,Watch,16578,57.36000061,1
155,155,MattressOldLace39972,Mattress,59456,42.529998779,1
156,156,MattressDimGray17500,Mattress,17302,38.689998627,1
157,157,WatchTan2648,Watch,48705,9.279999733,1
158,158,JewelryMaroon993,Jewelry,34258,82.519996643,1
159,159,BikeOrchid42072,Bike,20947,58.909999847,1
160,160,StickerIndigo37469,Sticker,38167,61.790000916,1
161,161,BikeLime42557,Bike,53651,43.169998169,1
162,162,PhoneDarkKhaki48128,Phone,58387,73.730003357,1
163,163,LaptopOliveDrab35233,Laptop,24688,1.799999952,1
164,164,JewelryForestGreen15793,Jewelry,48194,89.599998474,1
165,165,ClotherWheat45564,Clother,47187,46.740001678,1
166,166,MattressBurlyWood36937,Mattress,30867,24.5,1
167,167,LampGainsboro40049,Lamp,48628,52.240001678,1
168,168,MattressDarkOrange3375,Mattress,53001,96.849998474,1
169,169,BikeMediumAquaMarine8682,Bike,18613,66.800003052,1
170,170,BikeGreen51647,Bike,29802,51.869998932,1
171,171,LampDarkGreen41866,Lamp,27390,17.440000534,1
172,172,ClotherGreenYellow17881,Clother,21436,45.240001678,1
173,173,PhoneMediumAquaMarine7595,Phone,33181,98.319999695,1
174,174,WatchPaleTurquoise54972,Watch,26480,17.430000305,1
175,175,StickerBeige54109,Sticker,54470,97.980003357,1
176,176,JewelryOldLace49765,Jewelry,36732,97.470001221,1
177,177,WatchHotPink23738,Watch,58978,95.86000061,1
178,178,StickerDarkCyan44058,Sticker,17146,95.870002747,1
179,179,PhoneViolet5289,Phone,58648,50.740001678,1
180,180,JewelryYellowGreen34925,Jewelry,54130,37.380001068,1
181,181,MattressPaleGreen53779,Mattress,48775,80.419998169,1
182,182,ClotherPaleVioletRed1454,Clother,22637,59.599998474,1
183,183,WatchTurquoise23611,Watch,26111,6.679999828,1
184,184,LaptopDarkGray39453,Laptop,36937,83.470001221,1
185,185,MattressMediumPurple9659,Mattress,30809,0.850000024,1
186,186,JewelryPaleVioletRed37008,Jewelry,47820,98.569999695,1
187,187,WatchTeal28049,Watch,48330,28.690000534,1
188,188,LampBlanchedAlmond23920,Lamp,15751,31.850000381,1
189,189,ClotherCornflowerBlue23787,Clother,29824,3.160000086,1
190,190,ClotherLightSlateGray8823,Clother,18345,74.470001221,1
191,191,BikeMediumTurquoise30301,Bike,44219,56.919998169,1
192,192,MattressRoyalBlue21176,Mattress,30120,27.780000687,1
193,193,ClotherGreen43140,Clother,29259,22.569999695,1
194,194,StickerLightCoral13388,Sticker,13020,85.449996948,1
195,195,PhoneLightSlateGray46062,Phone,10571,82.470001221,1
196,196,WatchLightCoral37215,Watch,20437,92.900001526,1
197,197,LaptopGreenYellow22455,Laptop,38316,93.199996948,1
198,198,StickerDarkGreen15424,Sticker,51558,74.819999695,1
199,199,StickerNavy18141,Sticker,18250,99.790000916,1
200,200,BikeSienna6785,Bike,33681,52.520000458,1
201,201,WatchMediumTurquoise22922,Watch,24889,48.169998169,1
202,202,MattressOrangeRed18509,Mattress,19958,38.709999084,1
203,203,BikeRosyBrown39299,Bike,58045,64.830001831,1
204,204,StickerHotPink16760,Sticker,17504,49.409999847,1
205,205,MattressLightPink51376,Mattress,49017,6.28000021,1
206,206,WatchRosyBrown10957,Watch,36743,60.430000305,1
207,207,ClotherSpringGreen39717,Clother,54795,56.900001526,1
208,208,ClotherPeru54066,Clother,46954,13.319999695,1
209,209,JewelryGold51670,Jewelry,45170,37.099998474,1
210,210,PhonePapayaWhip53364,Phone,42677,46.490001678,1
211,211,ClotherBeige16130,Clother,49022,97.199996948,1
212,212,LaptopCadetBlue37171,Laptop,21938,7.329999924,1
213,213,LampSienna21501,Lamp,11772,37.299999237,1
214,214,StickerCyan52080,Sticker,54811,26.299999237,1
215,215,ClotherLimeGreen23142,Clother,27326,57.630001068,1
216,216,LaptopSienna4746,Laptop,35303,80.400001526,1
217,217,JewelryPapayaWhip5907,Jewelry,40367,12.140000343,1
218,218,LampPurple31061,Lamp,49637,99.239997864,1
219,219,BikeMagenta47686,Bike,49351,15.220000267,1
220,220,MattressDarkOliveGreen24274,Mattress,26021,44.869998932,1
221,221,BikeDarkSeaGreen3365,Bike,33014,95.980003357,1
222,222,WatchTeal1358,Watch,54357,86.300003052,1
223,223,LampPlum35012,Lamp,18590,40.369998932,1
224,224,JewelryDeepSkyBlue48520,Jewelry,44755,23.760000229,1
225,225,ClotherAntiqueWhite37651,Clother,16217,47.099998474,1
226,226,LampDarkSlateGray31288,Lamp,39268,97.930000305,1
227,227,LampFireBrick38769,Lamp,31339,6.639999866,1
228,228,StickerLightGray33873,Sticker,59530,77.900001526,1
229,229,StickerAntiqueWhite17403,Sticker,58958,95.720001221,1
230,230,JewelryBrown50744,Jewelry,36888,71.900001526,1
231,231,PhoneDodgerBlue40052,Phone,40175,90.220001221,1
232,232,WatchPaleGoldenRod48138,Watch,45897,30.399999619,1
233,233,ClotherMediumOrchid38965,Clother,37626,96.930000305,1
234,234,JewelryLawnGreen13240,Jewelry,40762,87.650001526,1
235,235,LaptopBlack39618,Laptop,16805,70.459999084,1
236,236,PhoneLightCyan2125,Phone,30333,46.930000305,1
237,237,BikeDarkKhaki15126,Bike,30908,62.409999847,1
238,238,ClotherAquamarine8941,Clother,27306,9.68999958,1
239,239,JewelryLightGray54084,Jewelry,29225,46.700000763,1
240,240,JewelryKhaki56635,Jewelry,49833,21.149999619,1
241,241,JewelryFloralWhite45596,Jewelry,12016,31.450000763,1
242,242,PhoneLime40726,Phone,22270,19.5,1
243,243,PhoneWhiteSmoke27180,Phone,34635,33.900001526,1
244,244,LampLime769,Lamp,26357,36.310001373,1
245,245,LaptopOldLace38082,Laptop,19680,8.600000381,1
246,246,StickerDarkSalmon33189,Sticker,15405,53.349998474,1
247,247,BikeGray35351,Bike,44424,17.159999847,1
248,248,LampLightGoldenRodYellow30387,Lamp,58318,39.549999237,1
249,249,MattressWheat4926,Mattress,44340,63.130001068,1
250,250,ClotherGreen27401,Clother,30627,16.940000534,1
251,251,JewelryMediumOrchid21267,Jewelry,55121,4.420000076,1
252,252,WatchSnow16132,Watch,26552,78.120002747,1
253,253,LampOldLace46500,Lamp,54604,93.690002441,1
254,254,BikeLawnGreen36312,Bike,33838,73.400001526,1
255,255,LampPurple11895,Lamp,58333,38.700000763,1
256,256,LampMediumSlateBlue40909,Lamp,26419,36.369998932,1
257,257,MattressBlueViolet5207,Mattress,46281,48.979999542,1
258,258,ClotherLightGray48719,Clother,11110,14.279999733,1
259,259,ClotherForestGreen6073,Clother,20488,2.829999924,1
260,260,MattressDarkBlue28559,Mattress,45439,36.75,1
261,261,BikeAqua54639,Bike,35063,20.479999542,1
262,262,LampGainsboro20003,Lamp,18349,33.700000763,1
263,263,MattressDarkGoldenRod4253,Mattress,19165,24.299999237,1
264,264,StickerDarkRed41725,Sticker,21352,96.440002441,1
265,265,StickerDarkOliveGreen21516,Sticker,56707,81.330001831,1
266,266,LaptopSpringGreen41981,Laptop,32158,83.5,1
267,267,MattressAquamarine35934,Mattress,29301,86.300003052,1
268,268,StickerBlack33308,Sticker,16345,74.75,1
269,269,StickerSandyBrown19497,Sticker,57929,99.769996643,1
270,270,StickerLavender12666,Sticker,27875,55.509998322,1
271,271,BikeSnow54228,Bike,55346,18.700000763,1
272,272,PhoneLightYellow37030,Phone,53574,99.290000916,1
273,273,PhoneDarkOliveGreen26332,Phone,47572,35.810001373,1
274,274,LaptopMediumPurple39224,Laptop,58621,87.300003052,1
275,275,JewelryPeachPuff23094,Jewelry,31057,90.669998169,1
276,276,WatchOrchid23056,Watch,33659,4.539999962,1
277,277,WatchDimGray3827,Watch,54132,93.379997253,1
278,278,PhoneBrown20680,Phone,37212,57.919998169,1
279,279,LaptopOldLace25225,Laptop,27430,87.650001526,1
280,280,MattressWhiteSmoke51211,Mattress,30209,22.159999847,1
281,281,BikeBlueViolet38720,Bike,22007,94.819999695,1
282,282,MattressDarkTurquoise6831,Mattress,28780,79.349998474,1
283,283,PhoneRosyBrown56836,Phone,27554,4.53000021,1
284,284,StickerViolet34044,Sticker,44606,88.239997864,1
285,285,LaptopSlateGray22774,Laptop,32569,77.410003662,1
286,286,JewelryGray16231,Jewelry,32121,55.740001678,1
287,287,PhoneIndianRed35878,Phone,17818,92.989997864,1
288,288,LaptopMediumVioletRed55137,Laptop,44075,73.86000061,1
289,289,ClotherWhiteSmoke55465,Clother,52315,72.569999695,1
290,290,JewelrySaddleBrown31906,Jewelry,27880,56.119998932,1
291,291,BikeLightGray132,Bike,45565,35.349998474,1
292,292,WatchPaleGreen2619,Watch,34696,61.680000305,1
293,293,LampDarkMagenta5736,Lamp,58382,79.989997864,1
294,294,LampAzure15892,Lamp,31776,0.100000001,1
295,295,BikeLightGoldenRodYellow40661,Bike,21488,5.269999981,1
296,296,LaptopLavenderBlush56581,Laptop,41559,5.940000057,1
297,297,WatchSilver41878,Watch,42619,0.689999998,1
298,298,PhoneSienna34351,Phone,17232,80.519996643,1
299,299,PhoneTeal54050,Phone,32038,68.650001526,1
300,300,ClotherLightSkyBlue3285,Clother,38706,35.61000061,1
301,301,MattressDarkGreen41146,Mattress,45672,85.349998474,1
302,302,PhoneChocolate887,Phone,22215,44.560001373,1
303,303,LampPaleTurquoise55201,Lamp,21102,89.519996643,1
304,304,JewelryViolet12344,Jewelry,12417,44.950000763,1
305,305,WatchKhaki51410,Watch,40694,31.88999939,1
306,306,WatchForestGreen22981,Watch,57757,61.330001831,1
307,307,LaptopMagenta52142,Laptop,58874,90.239997864,1
308,308,MattressSilver50399,Mattress,21237,44.869998932,1
309,309,JewelryIndianRed10520,Jewelry,10283,26.979999542,1
310,310,PhoneLightSlateGray27081,Phone,33107,13.619999886,1
311,311,LampCyan13062,Lamp,57418,23.829999924,1
312,312,LaptopSlateBlue42823,Laptop,56092,8.270000458,1
313,313,PhoneWhiteSmoke27282,Phone,15549,15.960000038,1
314,314,MattressGhostWhite45418,Mattress,22956,56.75,1
315,315,JewelryMediumOrchid1547,Jewelry,13264,5.300000191,1
316,316,JewelryRed47540,Jewelry,18669,70.529998779,1
317,317,PhoneOrangeRed33447,Phone,44954,33.189998627,1
318,318,MattressPaleVioletRed21670,Mattress,47227,94.5,1
319,319,LaptopTurquoise1561,Laptop,26295,90.650001526,1
320,320,LaptopGreen10360,Laptop,21124,3.5,1
321,321,BikeLightBlue46325,Bike,56212,6.75,1
322,322,LaptopBurlyWood38470,Laptop,12745,67.959999084,1
323,323,StickerMediumBlue40420,Sticker,59106,41.939998627,1
324,324,JewelryGhostWhite52590,Jewelry,15123,32.580001831,1
325,325,PhoneMediumSpringGreen47737,Phone,40618,48.279998779,1
326,326,JewelryLightGreen34740,Jewelry,59146,55.540000916,1
327,327,StickerWheat29157,Sticker,25891,98.730003357,1
328,328,MattressPeru38705,Mattress,17812,96.699996948,1
329,329,WatchCyan28473,Watch,34444,59.729999542,1
330,330,LampNavy47721,Lamp,51846,18.299999237,1
331,331,LampBrown41187,Lamp,51090,37.25,1
332,332,JewelryMediumSeaGreen15436,Jewelry,21454,2.529999971,1
333,333,BikeWhite37234,Bike,49728,82.129997253,1
334,334,JewelryBlack7537,Jewelry,49573,74.709999084,1
335,335,MattressSandyBrown52208,Mattress,47306,67.349998474,1
336,336,StickerLightSeaGreen35321,Sticker,29116,26.309999466,1
337,337,LaptopSteelBlue42793,Laptop,46138,37.979999542,1
338,338,ClotherBlueViolet1328,Clother,38281,22.180000305,1
339,339,MattressPapayaWhip9818,Mattress,15273,56.770000458,1
340,340,JewelryBrown38346,Jewelry,58911,89.739997864,1
341,341,StickerForestGreen45527,Sticker,21138,6.460000038,1
342,342,JewelryLightCyan34787,Jewelry,59021,13.260000229,1
343,343,StickerMediumSeaGreen24103,Sticker,40989,9.31000042,1
344,344,LaptopChocolate15394,Laptop,22826,55.979999542,1
345,345,LampMistyRose21879,Lamp,49087,40.209999084,1
346,346,JewelryIvory51142,Jewelry,34278,45.380001068,1
347,347,ClotherMediumTurquoise2475,Clother,25707,26.530000687,1
348,348,LaptopSlateGray1223,Laptop,54413,15.199999809,1
349,349,JewelrySaddleBrown26528,Jewelry,34553,11,1
350,350,PhoneIndianRed44721,Phone,24931,16.420000076,1
351,351,LampSpringGreen12356,Lamp,35151,87.970001221,1
352,352,PhoneDarkOliveGreen16102,Phone,52544,65.849998474,1
353,353,BikeDarkSlateGray3972,Bike,54647,61.919998169,1
354,354,WatchSeaGreen16432,Watch,25319,35.950000763,1
355,355,BikeAliceBlue11298,Bike,40634,91.180000305,1
356,356,BikeDeepPink33195,Bike,21572,47.700000763,1
357,357,PhoneGhostWhite43936,Phone,47580,28.840000153,1
358,358,BikePaleGreen12706,Bike,35326,22.329999924,1
359,359,WatchMoccasin22592,Watch,13259,95.349998474,1
360,360,LaptopBeige32764,Laptop,32073,56.150001526,1
361,361,MattressHotPink49993,Mattress,40172,18.36000061,1
362,362,WatchDarkSalmon18246,Watch,22604,32.970001221,1
363,363,JewelryOrangeRed16384,Jewelry,25687,4.420000076,1
364,364,JewelryLightGreen25069,Jewelry,54094,19.430000305,1
365,365,BikeThistle14927,Bike,13208,29.540000916,1
366,366,BikeLightSlateGray22165,Bike,22748,25.799999237,1
367,367,StickerLinen35349,Sticker,40548,14.680000305,1
368,368,ClotherOrange44302,Clother,13969,56.509998322,1
369,369,MattressIndianRed4366,Mattress,56017,11.699999809,1
370,370,PhoneNavajoWhite41322,Phone,51552,24.930000305,1
371,371,WatchAntiqueWhite18790,Watch,32372,30.530000687,1
372,372,WatchBlack29698,Watch,19482,95.430000305,1
373,373,JewelryDarkGoldenRod26977,Jewelry,11770,40.400001526,1
374,374,PhoneDarkGoldenRod35352,Phone,44224,49.930000305,1
375,375,LaptopBlue16111,Laptop,44055,23.979999542,1
376,376,BikeLightSteelBlue45550,Bike,23388,0.01,1
377,377,ClotherNavy9153,Clother,46949,64.339996338,1
378,378,ClotherLightSkyBlue16020,Clother,12375,29.329999924,1
379,379,JewelryMediumPurple38322,Jewelry,44860,47.700000763,1
380,380,ClotherMidnightBlue18164,Clother,27604,66.949996948,1
381,381,LampTan15704,Lamp,20922,56.209999084,1
382,382,LaptopGoldenRod34534,Laptop,33268,99.459999084,1
383,383,WatchTan40073,Watch,12453,49.299999237,1
384,384,MattressPaleGoldenRod14221,Mattress,39717,6.230000019,1
385,385,WatchSienna41829,Watch,54535,15.550000191,1
386,386,LaptopTomato39498,Laptop,16191,43.319999695,1
387,387,StickerChocolate30485,Sticker,44806,56.880001068,1
388,388,PhoneBlueViolet7894,Phone,10181,26.549999237,1
389,389,MattressMoccasin11235,Mattress,48927,23.399999619,1
390,390,StickerSalmon7097,Sticker,49594,10.539999962,1
391,391,PhonePaleGreen23562,Phone,19933,28.219999313,1
392,392,ClotherYellow12347,Clother,25824,20.260000229,1
393,393,LaptopDarkGray9164,Laptop,42472,27.399999619,1
394,394,LaptopAzure5517,Laptop,12046,39.740001678,1
395,395,ClotherLavenderBlush43161,Clother,48682,32.470001221,1
396,396,WatchDarkSlateGray26782,Watch,24889,28.850000381,1
397,397,LampPlum54161,Lamp,52988,13.640000343,1
398,398,ClotherLightSeaGreen39009,Clother,41841,3.329999924,1
399,399,StickerHoneyDew54710,Sticker,19186,82.989997864,1
400,400,BikeSienna26230,Bike,18853,87.269996643,1
401,401,LaptopHoneyDew35559,Laptop,18740,51.369998932,1
402,402,LaptopBlanchedAlmond22800,Laptop,32108,83.660003662,1
403,403,LaptopPaleTurquoise7066,Laptop,59848,1.940000057,1
404,404,MattressSeaGreen50859,Mattress,41146,4.610000134,1
405,405,LampBeige35368,Lamp,43544,53.880001068,1
406,406,LampDarkSeaGreen24305,Lamp,42221,51.830001831,1
407,407,ClotherCrimson5482,Clother,52414,81.620002747,1
408,408,MattressLawnGreen12462,Mattress,21561,2.299999952,1
409,409,LaptopSlateGray23770,Laptop,28748,18.180000305,1
410,410,LaptopLightCoral17190,Laptop,28468,39.970001221,1
411,411,PhoneOrchid43066,Phone,25724,45.479999542,1
412,412,StickerPaleVioletRed48804,Sticker,42506,77.220001221,1
413,413,PhoneWheat55424,Phone,58325,14.859999657,1
414,414,WatchOrchid11055,Watch,23061,25.149999619,1
415,415,MattressDarkMagenta42369,Mattress,51513,34.470001221,1
416,416,LampCoral49913,Lamp,25093,11.859999657,1
417,417,MattressSienna487,Mattress,51134,95.419998169,1
418,418,BikeCrimson14980,Bike,55081,84.099998474,1
419,419,WatchSienna27491,Watch,34565,3.180000067,1
420,420,WatchDarkOliveGreen31221,Watch,24410,88.430000305,1
421,421,ClotherTurquoise27301,Clother,26909,17.600000381,1
422,422,ClotherLightGray46135,Clother,35439,81.430000305,1
423,423,LampChocolate31016,Lamp,30925,68.580001831,1
424,424,ClotherRoyalBlue8768,Clother,14133,65.879997253,1
425,425,MattressOrchid4095,Mattress,36028,22.540000916,1
426,426,PhoneMediumAquaMarine53110,Phone,28471,7.610000134,1
427,427,PhoneLightCoral47210,Phone,38885,64.169998169,1
428,428,MattressMediumSpringGreen31460,Mattress,29013,26.190000534,1
429,429,JewelryBlanchedAlmond44134,Jewelry,36959,10.220000267,1
430,430,LaptopPlum50399,Laptop,20132,37.799999237,1
431,431,ClotherBlueViolet45414,Clother,47982,1.960000038,1
432,432,StickerDarkTurquoise19029,Sticker,50040,36.380001068,1
433,433,WatchLightGoldenRodYellow23250,Watch,11126,0.200000003,1
434,434,StickerMediumOrchid11256,Sticker,46143,74.720001221,1
435,435,JewelryGainsboro31629,Jewelry,25678,57.330001831,1
436,436,JewelryDarkViolet51672,Jewelry,28672,18.239999771,1
437,437,ClotherCyan32918,Clother,59375,99.580001831,1
438,438,WatchDarkOliveGreen4412,Watch,54155,57.150001526,1
439,439,LampYellowGreen24193,Lamp,21544,72.660003662,1
440,440,MattressLightCyan56340,Mattress,27672,54.200000763,1
441,441,BikeChocolate34544,Bike,50338,66.199996948,1
442,442,LampGoldenRod11105,Lamp,14297,51.130001068,1
443,443,BikeNavy29854,Bike,50915,67.300003052,1
444,444,LampDodgerBlue47613,Lamp,34133,44.830001831,1
445,445,MattressLightSalmon14514,Mattress,22327,98.989997864,1
446,446,WatchMintCream34153,Watch,23783,61.810001373,1
447,447,PhoneBlue13869,Phone,12864,13.909999847,1
448,448,PhoneCoral28883,Phone,37962,3.390000105,1
449,449,BikeGoldenRod36094,Bike,17911,52.740001678,1
450,450,MattressRoyalBlue39641,Mattress,59178,88.61000061,1
451,451,ClotherMagenta27241,Clother,29991,47.270000458,1
452,452,BikeLimeGreen24758,Bike,26870,31.760000229,1
453,453,LaptopCoral56791,Laptop,33680,10.56000042,1
454,454,MattressCornsilk14172,Mattress,53491,51,1
455,455,BikeMediumBlue54110,Bike,10834,98.800003052,1
456,456,LampLightPink32166,Lamp,46715,80.569999695,1
457,457,BikeGoldenRod2581,Bike,54749,69.13999939,1
458,458,StickerChartreuse27237,Sticker,19317,46.590000153,1
459,459,WatchMediumAquaMarine10402,Watch,23851,89.370002747,1
460,460,BikeDarkGray6521,Bike,35260,75.540000916,1
461,461,ClotherLightGoldenRodYellow22639,Clother,47862,1.450000048,1
462,462,LampLightSlateGray14756,Lamp,39486,94.230003357,1
463,463,WatchGreen18665,Watch,11552,86.449996948,1
464,464,ClotherDarkTurquoise40444,Clother,39898,7.320000172,1
465,465,JewelryPapayaWhip35249,Jewelry,57584,54.180000305,1
466,466,LaptopAntiqueWhite37900,Laptop,48338,22.399999619,1
467,467,WatchLightGreen55681,Watch,39387,85.900001526,1
468,468,LampFuchsia41182,Lamp,48377,31.190000534,1
469,469,JewelryBlanchedAlmond10828,Jewelry,15587,0.289999992,1
470,470,WatchPink33491,Watch,58526,16.420000076,1
471,471,LaptopOlive4001,Laptop,21114,58.599998474,1
472,472,PhoneSalmon5903,Phone,52887,85.970001221,1
473,473,LaptopAliceBlue39254,Laptop,14783,80.190002441,1
474,474,LampPaleGreen47302,Lamp,27468,4.789999962,1
475,475,LaptopYellow30506,Laptop,25363,46.909999847,1
476,476,MattressFuchsia47712,Mattress,46489,44.5,1
477,477,StickerDarkSlateBlue40310,Sticker,13063,43.659999847,1
478,478,BikeLightSteelBlue47646,Bike,11168,28.840000153,1
479,479,WatchBlueViolet32029,Watch,47170,50.259998322,1
480,480,BikeLawnGreen29609,Bike,17672,99.519996643,1
481,481,PhoneCornflowerBlue11765,Phone,46846,32.509998322,1
482,482,WatchGold22197,Watch,53093,15.670000076,1
483,483,LaptopBlanchedAlmond38030,Laptop,22480,23.63999939,1
484,484,LampDarkGray6188,Lamp,28392,64.199996948,1
485,485,JewelrySilver42349,Jewelry,46030,43.229999542,1
486,486,WatchSienna54892,Watch,15290,60.63999939,1
487,487,StickerLightSteelBlue7149,Sticker,16806,80.540000916,1
488,488,MattressBlack45286,Mattress,54700,6.849999905,1
489,489,PhoneFireBrick27633,Phone,29289,90.949996948,1
490,490,PhoneLinen47585,Phone,17401,6.800000191,1
491,491,JewelryLightGreen34447,Jewelry,31424,85.959999084,1
492,492,WatchIvory49179,Watch,11142,5.599999905,1
493,493,LaptopDodgerBlue51097,Laptop,52013,70.769996643,1
494,494,LaptopPeachPuff38669,Laptop,47386,4.75,1
495,495,ClotherSalmon16588,Clother,13725,99.419998169,1
496,496,LaptopYellowGreen16173,Laptop,22345,71.309997559,1
497,497,WatchMistyRose273,Watch,17504,46.930000305,1
498,498,WatchNavajoWhite53387,Watch,20343,25.290000916,1
499,499,BikeLightSteelBlue37281,Bike,33124,3.900000095,1
500,500,LampRed512,Lamp,16955,92.669998169,1
501,501,LaptopAzure22485,Laptop,30401,80.930000305,1
502,502,LampBlack531,Lamp,21911,68,1
503,503,JewelryLinen37579,Jewelry,44559,45.540000916,1
504,504,LampDarkOrchid56241,Lamp,44993,42.369998932,1
505,505,ClotherLightSkyBlue35372,Clother,32771,44.200000763,1
506,506,JewelrySkyBlue50072,Jewelry,18391,50.630001068,1
507,507,MattressSpringGreen42303,Mattress,32646,65.900001526,1
508,508,ClotherLightSalmon1567,Clother,13453,91.349998474,1
509,509,PhoneBeige36683,Phone,50464,38.549999237,1
510,510,StickerDarkOrchid21248,Sticker,26005,8.43999958,1
511,511,LaptopChocolate11605,Laptop,28931,38.709999084,1
512,512,MattressLightCyan15811,Mattress,58254,30.200000763,1
513,513,LampOrangeRed39634,Lamp,56678,98.839996338,1
514,514,PhonePink24682,Phone,33035,50.669998169,1
515,515,WatchSilver14307,Watch,11015,1.159999967,1
516,516,JewelryDarkKhaki40672,Jewelry,38032,54.270000458,1
517,517,LampDarkRed1679,Lamp,28120,13.5,1
518,518,PhoneTan39573,Phone,48642,80.580001831,1
519,519,WatchTomato42696,Watch,22468,26.840000153,1
520,520,JewelryFireBrick37184,Jewelry,44573,52.479999542,1
521,521,StickerPlum41171,Sticker,40681,32.909999847,1
522,522,WatchLimeGreen27394,Watch,59584,44.180000305,1
523,523,WatchBlueViolet26846,Watch,26494,76.5,1
524,524,JewelrySlateGray11169,Jewelry,54514,83.260002136,1
525,525,LampSienna3930,Lamp,31165,43.580001831,1
526,526,LaptopDarkOrchid48307,Laptop,31015,27.870000839,1
527,527,BikeSkyBlue41074,Bike,55003,9.149999619,1
528,528,MattressFireBrick37873,Mattress,37009,66.559997559,1
529,529,WatchDarkGray51310,Watch,10558,91.279998779,1
530,530,WatchGhostWhite40275,Watch,26313,34.369998932,1
531,531,StickerChartreuse15796,Sticker,55946,38.290000916,1
532,532,MattressFloralWhite2580,Mattress,51856,12.630000114,1
533,533,PhoneTan16551,Phone,29411,48.799999237,1
534,534,LaptopMoccasin11673,Laptop,43685,84.550003052,1
535,535,StickerRoyalBlue28592,Sticker,20805,31.440000534,1
536,536,ClotherLime3147,Clother,49256,7.429999828,1
537,537,LampDeepSkyBlue56354,Lamp,43654,52.38999939,1
538,538,LampRoyalBlue4375,Lamp,54452,30.590000153,1
539,539,MattressDarkSeaGreen50691,Mattress,40752,8.409999847,1
540,540,ClotherPaleGreen3711,Clother,24907,89.779998779,1
541,541,PhoneMistyRose50294,Phone,34136,17.540000916,1
542,542,ClotherGreen28598,Clother,41470,28.469999313,1
543,543,PhoneDarkGray46199,Phone,35199,8.720000267,1
544,544,JewelryNavajoWhite12989,Jewelry,17809,39.540000916,1
545,545,StickerDeepPink18412,Sticker,55897,97.199996948,1
546,546,LampHoneyDew37250,Lamp,53054,22.370000839,1
547,547,LampLightBlue49761,Lamp,40985,62.869998932,1
548,548,StickerLightSteelBlue12548,Sticker,45855,22.520000458,1
549,549,MattressAqua24112,Mattress,25722,44.75,1
550,550,StickerChocolate21518,Sticker,35319,90.900001526,1
551,551,MattressTomato45452,Mattress,25184,97.699996948,1
552,552,BikeFuchsia21354,Bike,43912,48.430000305,1
553,553,JewelryOlive33752,Jewelry,47797,84.940002441,1
554,554,ClotherDarkKhaki17853,Clother,13081,85.63999939,1
555,555,MattressMediumOrchid50611,Mattress,44444,33.619998932,1
556,556,ClotherBrown2737,Clother,36880,1.269999981,1
557,557,PhonePaleVioletRed3126,Phone,23281,66.959999084,1
558,558,LampDarkOrange3622,Lamp,27946,85.769996643,1
559,559,JewelryMediumSpringGreen19742,Jewelry,45021,72.099998474,1
560,560,MattressForestGreen27098,Mattress,46914,10.960000038,1
561,561,MattressMidnightBlue7684,Mattress,16988,58.88999939,1
562,562,JewelryDarkGoldenRod56250,Jewelry,47629,73.769996643,1
563,563,WatchLightSteelBlue39652,Watch,17508,0.239999995,1
564,564,ClotherPeachPuff44822,Clother,29968,81.779998779,1
565,565,StickerSienna45275,Sticker,41803,90.36000061,1
566,566,LaptopPowderBlue42695,Laptop,17686,48.970001221,1
567,567,StickerRoyalBlue21596,Sticker,57975,93.38999939,1
568,568,LampRoyalBlue36470,Lamp,51320,33.700000763,1
569,569,LampAliceBlue10567,Lamp,12301,25.569999695,1
570,570,LaptopMediumVioletRed6620,Laptop,56854,25.420000076,1
571,571,ClotherBlueViolet17691,Clother,30694,72.819999695,1
572,572,BikeTan10067,Bike,35658,28.559999466,1
573,573,ClotherPlum4953,Clother,15489,17.149999619,1
574,574,PhonePeachPuff31295,Phone,40194,49.580001831,1
575,575,ClotherCadetBlue7039,Clother,19586,3.099999905,1
576,576,ClotherDarkOliveGreen19878,Clother,51422,26.559999466,1
577,577,ClotherOrchid43463,Clother,47155,36.310001373,1
578,578,ClotherDarkGreen56572,Clother,29883,66.510002136,1
579,579,PhoneSkyBlue48455,Phone,19264,53.88999939,1
580,580,JewelryMediumBlue8740,Jewelry,32054,59.159999847,1
581,581,PhoneGreenYellow38166,Phone,41203,11.529999733,1
582,582,ClotherSlateBlue3180,Clother,57953,59.340000153,1
583,583,MattressLavenderBlush35357,Mattress,55086,16.659999847,1
584,584,JewelrySienna43087,Jewelry,22512,9.319999695,1
585,585,PhoneHotPink4543,Phone,28894,88.63999939,1
586,586,LaptopDarkSalmon9061,Laptop,59851,7.550000191,1
587,587,WatchOliveDrab28868,Watch,21980,15.720000267,1
588,588,MattressMistyRose1177,Mattress,18083,93.989997864,1
589,589,JewelryDarkOliveGreen13766,Jewelry,48601,60.529998779,1
590,590,MattressTurquoise35626,Mattress,50863,73.680000305,1
591,591,LaptopMagenta46783,Laptop,57101,23.290000916,1
592,592,LaptopSienna3450,Laptop,11989,89.900001526,1
593,593,PhoneAntiqueWhite36618,Phone,39814,53.869998932,1
594,594,WatchCornflowerBlue2186,Watch,37768,80.169998169,1
595,595,StickerSandyBrown628,Sticker,54608,95.519996643,1
596,596,MattressPink24523,Mattress,34424,80.36000061,1
597,597,ClotherGray44841,Clother,18155,96.540000916,1
598,598,WatchLimeGreen29703,Watch,43387,78.669998169,1
599,599,MattressMediumOrchid16607,Mattress,42504,72.959999084,1
600,600,LampGreenYellow38609,Lamp,42277,72.370002747,1
601,601,BikeTurquoise9416,Bike,41065,56.88999939,1
602,602,WatchAqua56239,Watch,24614,11.5,1
603,603,LaptopWhite45978,Laptop,54592,22.159999847,1
604,604,JewelrySteelBlue8120,Jewelry,41739,88.13999939,1
605,605,ClotherDarkBlue25474,Clother,40853,54.909999847,1
606,606,LaptopYellowGreen55886,Laptop,25895,45.540000916,1
607,607,BikeLightCyan2723,Bike,53095,25.590000153,1
608,608,JewelrySandyBrown37549,Jewelry,20417,47.759998322,1
609,609,MattressLightGoldenRodYellow18023,Mattress,36355,57.340000153,1
610,610,MattressCrimson45158,Mattress,47447,51.380001068,1
611,611,MattressOrangeRed26588,Mattress,47256,90.589996338,1
612,612,BikeIndianRed28786,Bike,35892,7.730000019,1
613,613,ClotherDimGray39636,Clother,26384,4.889999866,1
614,614,ClotherPeru39121,Clother,44229,35.279998779,1
615,615,PhoneMediumSlateBlue14653,Phone,39464,91.290000916,1
616,616,LampYellow17779,Lamp,21719,13.93999958,1
617,617,LaptopOrange19060,Laptop,24989,22.850000381,1
618,618,BikeFireBrick8752,Bike,51462,35.25,1
619,619,WatchLawnGreen48536,Watch,14934,7.320000172,1
620,620,ClotherPlum17414,Clother,14863,98.129997253,1
621,621,PhoneSandyBrown11501,Phone,13723,56.909999847,1
622,622,StickerRosyBrown9477,Sticker,52554,29.86000061,1
623,623,LampSnow27241,Lamp,20470,1.700000048,1
624,624,ClotherMediumBlue42265,Clother,26233,98.690002441,1
625,625,LaptopSpringGreen21680,Laptop,42239,8.229999542,1
626,626,LaptopAqua20337,Laptop,26794,91.300003052,1
627,627,WatchMagenta18063,Watch,17651,52.490001678,1
628,628,StickerGhostWhite12750,Sticker,40509,52.630001068,1
629,629,PhoneLightSeaGreen6866,Phone,16481,47.75,1
630,630,WatchHoneyDew45476,Watch,53497,75.900001526,1
631,631,ClotherMidnightBlue5934,Clother,19933,21.149999619,1
632,632,ClotherMediumVioletRed41579,Clother,56404,72.779998779,1
633,633,StickerSlateGray24736,Sticker,58703,38.959999084,1
634,634,BikePaleGreen8729,Bike,52434,70.86000061,1
635,635,StickerCornsilk33398,Sticker,39067,87.989997864,1
636,636,MattressMediumBlue46545,Mattress,39375,52.279998779,1
637,637,JewelryCadetBlue3993,Jewelry,26459,3.849999905,1
638,638,LampDarkMagenta14680,Lamp,38588,0.680000007,1
639,639,LaptopDeepPink35918,Laptop,55111,97.980003357,1
640,640,LaptopDimGray25630,Laptop,11572,83.680000305,1
641,641,ClotherDeepPink48621,Clother,15404,33.540000916,1
642,642,LampSlateBlue27240,Lamp,45060,66.930000305,1
643,643,WatchRoyalBlue43496,Watch,24821,41.529998779,1
644,644,ClotherIndigo41650,Clother,43647,73.290000916,1
645,645,PhoneThistle12482,Phone,44350,87.099998474,1
646,646,ClotherIndigo3094,Clother,42126,80.650001526,1
647,647,LaptopWhiteSmoke43777,Laptop,15598,21.629999161,1
648,648,PhonePlum22196,Phone,36913,58.130001068,1
649,649,StickerLemonChiffon41353,Sticker,30339,59.599998474,1
650,650,BikeNavy45779,Bike,49434,40.099998474,1
651,651,JewelryGreenYellow25897,Jewelry,46626,73.430000305,1
652,652,PhoneLightSeaGreen18007,Phone,38503,84.940002441,1
653,653,MattressGold53597,Mattress,39943,69.769996643,1
654,654,MattressLavenderBlush4542,Mattress,33197,88.970001221,1
655,655,MattressSienna18856,Mattress,43366,75.410003662,1
656,656,LaptopOrange43516,Laptop,47904,46.650001526,1
657,657,PhoneGhostWhite48328,Phone,11664,76.449996948,1
658,658,WatchLightGreen41578,Watch,31527,15.130000114,1
659,659,ClotherMediumBlue18675,Clother,32799,46.299999237,1
660,660,WatchDarkSeaGreen39717,Watch,50701,35.459999084,1
661,661,LaptopGhostWhite23235,Laptop,14725,83.63999939,1
662,662,PhoneDarkGreen27445,Phone,41373,29.100000381,1
663,663,PhoneRed1369,Phone,39407,91.339996338,1
664,664,WatchSaddleBrown5490,Watch,34804,99.930000305,1
665,665,JewelryChocolate29853,Jewelry,55641,14.229999542,1
666,666,JewelryPowderBlue6254,Jewelry,35830,79.569999695,1
667,667,JewelryLimeGreen53182,Jewelry,22967,11.340000153,1
668,668,ClotherDarkOliveGreen33679,Clother,29446,17.760000229,1
669,669,JewelryMediumSpringGreen34188,Jewelry,11556,47.259998322,1
670,670,StickerPaleGoldenRod19846,Sticker,35337,77.760002136,1
671,671,WatchSandyBrown30214,Watch,58889,82.13999939,1
672,672,LampPaleGreen14815,Lamp,15584,30.379999161,1
673,673,WatchHoneyDew52946,Watch,38511,73.129997253,1
674,674,StickerIvory47671,Sticker,23367,58.599998474,1
675,675,PhoneIvory51889,Phone,20584,16.940000534,1
676,676,JewelrySeaGreen50901,Jewelry,39398,43.369998932,1
677,677,PhoneOrchid48337,Phone,48529,76.63999939,1
678,678,LaptopCadetBlue46021,Laptop,11472,20.760000229,1
679,679,LampLinen20783,Lamp,17672,80.38999939,1
680,680,WatchBlue18060,Watch,23535,10.5,1
681,681,PhoneHotPink56090,Phone,49230,61.880001068,1
682,682,LampOrchid1499,Lamp,10579,72.650001526,1
683,683,JewelryMediumOrchid43663,Jewelry,58796,31.430000305,1
684,684,BikeCyan1041,Bike,49493,41.669998169,1
685,685,PhoneDarkGreen20891,Phone,51679,62.810001373,1
686,686,BikeWheat19964,Bike,28980,69.720001221,1
687,687,WatchDarkGreen55189,Watch,48961,41.619998932,1
688,688,LaptopLime46276,Laptop,41727,14.140000343,1
689,689,BikeAquamarine22767,Bike,21763,42.790000916,1
690,690,JewelryMediumSeaGreen18718,Jewelry,43408,90.699996948,1
691,691,BikeDodgerBlue6258,Bike,29589,1.379999995,1
692,692,BikePaleTurquoise51542,Bike,57485,71.239997864,1
693,693,WatchMagenta34050,Watch,11943,66.410003662,1
694,694,MattressThistle12530,Mattress,38977,45.159999847,1
695,695,ClotherDeepPink26255,Clother,46971,59.599998474,1
696,696,StickerAquamarine38063,Sticker,30685,54.13999939,1
697,697,PhoneLightSteelBlue29398,Phone,12700,14.100000381,1
698,698,StickerDarkRed13859,Sticker,53100,26.309999466,1
699,699,WatchDarkTurquoise30,Watch,50879,16.350000381,1
700,700,ClotherThistle13406,Clother,25310,56.279998779,1
701,701,BikeLinen20218,Bike,43911,77.230003357,1
702,702,JewelryMintCream11364,Jewelry,56608,80.599998474,1
703,703,StickerSteelBlue22454,Sticker,12160,48.970001221,1
704,704,PhoneDarkMagenta12261,Phone,10556,12.31000042,1
705,705,LampCadetBlue56372,Lamp,39052,17.219999313,1
706,706,MattressHotPink16584,Mattress,31345,67.879997253,1
707,707,StickerSienna20464,Sticker,38842,25.520000458,1
708,708,PhoneDarkOrchid47920,Phone,13250,76.150001526,1
709,709,BikeDeepSkyBlue6360,Bike,37633,13.180000305,1
710,710,MattressDarkViolet39142,Mattress,33508,28.690000534,1
711,711,StickerDarkOliveGreen11979,Sticker,44804,8.800000191,1
712,712,PhoneGoldenRod13064,Phone,46548,30.479999542,1
713,713,ClotherDarkTurquoise32323,Clother,23195,67.529998779,1
714,714,LaptopKhaki43175,Laptop,59018,48.319999695,1
715,715,JewelryNavy17528,Jewelry,55625,99.949996948,1
716,716,StickerMintCream42055,Sticker,39336,27.700000763,1
717,717,LaptopSeaShell16221,Laptop,30273,43.349998474,1
718,718,BikeHoneyDew19534,Bike,26215,19.649999619,1
719,719,StickerDarkRed10409,Sticker,23198,79.330001831,1
720,720,MattressMaroon54712,Mattress,42976,5.840000153,1
721,721,LampCoral47684,Lamp,14044,12.229999542,1
722,722,LaptopBrown5633,Laptop,53954,47.740001678,1
723,723,LaptopPlum38789,Laptop,50452,77.849998474,1
724,724,StickerBlueViolet35739,Sticker,42222,60.939998627,1
725,725,WatchDarkOliveGreen33908,Watch,21225,78.309997559,1
726,726,LaptopNavy10530,Laptop,33709,56.439998627,1
727,727,JewelryLimeGreen42911,Jewelry,12207,52.959999084,1
728,728,WatchMediumSlateBlue7840,Watch,49019,87.400001526,1
729,729,ClotherMediumBlue19164,Clother,46065,94.349998474,1
730,730,ClotherAzure9491,Clother,20163,61.459999084,1
731,731,PhoneGreen12814,Phone,19404,13.75,1
732,732,StickerLime22648,Sticker,56965,21.829999924,1
733,733,LampPurple40417,Lamp,27520,81.449996948,1
734,734,PhoneLightSeaGreen14797,Phone,44161,55.279998779,1
735,735,StickerOrchid21216,Sticker,17293,44.150001526,1
736,736,LampMagenta18343,Lamp,13363,53.200000763,1
737,737,ClotherPurple51084,Clother,41020,46.88999939,1
738,738,JewelryAqua47981,Jewelry,28605,67.180000305,1
739,739,ClotherDarkViolet2094,Clother,30939,55.830001831,1
740,740,MattressTan55745,Mattress,17359,44.599998474,1
741,741,PhoneBlanchedAlmond11104,Phone,19827,11.430000305,1
742,742,PhoneOrangeRed25032,Phone,40258,50.729999542,1
743,743,BikeSalmon26268,Bike,57409,57.180000305,1
744,744,MattressDarkBlue33338,Mattress,40954,88.580001831,1
745,745,LaptopChartreuse32578,Laptop,33711,37.459999084,1
746,746,LampPaleGreen28401,Lamp,18244,32.759998322,1
747,747,StickerChocolate27801,Sticker,33494,21.420000076,1
748,748,LampSlateBlue570,Lamp,15725,57.369998932,1
749,749,LaptopBlue54339,Laptop,32737,51.770000458,1
750,750,LaptopBrown8170,Laptop,51294,30.319999695,1
751,751,MattressGhostWhite39574,Mattress,26611,96.900001526,1
752,752,MattressLightPink55749,Mattress,21681,26.459999084,1
753,753,LaptopMediumBlue19608,Laptop,51694,93.260002136,1
754,754,LaptopDarkViolet29550,Laptop,40386,56.830001831,1
755,755,MattressDarkSlateGray25501,Mattress,18116,84.669998169,1
756,756,LaptopGhostWhite5827,Laptop,25491,38.290000916,1
757,757,ClotherHoneyDew21402,Clother,14089,93.11000061,1
758,758,StickerDarkKhaki52946,Sticker,19437,97.330001831,1
759,759,LampChocolate12607,Lamp,37514,59.669998169,1
760,760,WatchBlue24072,Watch,48780,53.180000305,1
761,761,JewelryTan28916,Jewelry,26760,60.509998322,1
762,762,ClotherSeaGreen488,Clother,10963,72.190002441,1
763,763,LaptopLightGreen23522,Laptop,54349,80.330001831,1
764,764,LaptopTan43598,Laptop,46765,69.449996948,1
765,765,JewelryPaleVioletRed40468,Jewelry,53193,89.519996643,1
766,766,ClotherLinen11154,Clother,30142,10.75,1
767,767,BikeBlue54865,Bike,59395,94.75,1
768,768,MattressDarkSalmon52176,Mattress,40559,61.580001831,1
769,769,StickerCornsilk5605,Sticker,53383,72.209999084,1
770,770,StickerMidnightBlue11702,Sticker,54125,70.940002441,1
771,771,LaptopFireBrick34307,Laptop,54661,88.830001831,1
772,772,BikeLightBlue5512,Bike,31631,65.569999695,1
773,773,BikePaleGreen51588,Bike,25599,31.479999542,1
774,774,PhoneAquamarine22768,Phone,23532,63.569999695,1
775,775,LaptopSienna12099,Laptop,36229,11.920000076,1
776,776,PhoneRoyalBlue55059,Phone,47152,34.970001221,1
777,777,StickerDarkViolet53810,Sticker,41079,82.300003052,1
778,778,MattressNavy24455,Mattress,12650,4.650000095,1
779,779,PhoneMistyRose50732,Phone,30399,55.189998627,1
780,780,WatchForestGreen34507,Watch,30019,34.549999237,1
781,781,LampLinen55362,Lamp,52469,81.930000305,1
782,782,ClotherMoccasin53361,Clother,32175,65.36000061,1
783,783,ClotherIvory53540,Clother,47563,84.169998169,1
784,784,WatchLightGoldenRodYellow32359,Watch,34864,60.419998169,1
785,785,LaptopGhostWhite17374,Laptop,12797,18.280000687,1
786,786,PhoneDarkRed56141,Phone,50754,93.279998779,1
787,787,LampSeaGreen50521,Lamp,32876,44.659999847,1
788,788,PhoneLightGoldenRodYellow13041,Phone,17702,92.419998169,1
789,789,MattressLightSteelBlue42756,Mattress,23215,56.700000763,1
790,790,WatchLemonChiffon47758,Watch,16962,27.63999939,1
791,791,StickerMistyRose54983,Sticker,32592,91.550003052,1
792,792,JewelrySaddleBrown5355,Jewelry,24926,25.809999466,1
793,793,PhoneSteelBlue35954,Phone,19011,68.690002441,1
794,794,MattressDarkBlue5557,Mattress,14098,63.419998169,1
795,795,PhoneDarkOliveGreen46840,Phone,22959,37.689998627,1
796,796,PhonePapayaWhip21233,Phone,44969,86.400001526,1
797,797,LampLawnGreen18857,Lamp,14445,51.299999237,1
798,798,PhoneSnow20645,Phone,10475,87.5,1
799,799,JewelryDarkSlateGray21936,Jewelry,18091,74.480003357,1
800,800,WatchMediumSpringGreen36283,Watch,28755,53.729999542,1
801,801,PhoneBlue22313,Phone,56859,84.669998169,1
802,802,LampLime34797,Lamp,49622,0.370000005,1
803,803,StickerTan30107,Sticker,52117,52.200000763,1
804,804,WatchDarkSalmon52796,Watch,26330,49.209999084,1
805,805,PhoneDarkViolet30559,Phone,49255,31.290000916,1
806,806,JewelryDarkGray40663,Jewelry,56272,40.229999542,1
807,807,LampAzure4642,Lamp,11809,6.820000172,1
808,808,WatchPaleGreen10097,Watch,54901,7.400000095,1
809,809,PhoneWhite3022,Phone,24318,80.519996643,1
810,810,PhoneMediumSeaGreen38798,Phone,56554,64.800003052,1
811,811,PhoneSpringGreen10805,Phone,20423,90.290000916,1
812,812,LaptopGray35272,Laptop,11086,96.379997253,1
813,813,ClotherPaleVioletRed27656,Clother,24681,28.63999939,1
814,814,PhoneLimeGreen53681,Phone,47071,17.819999695,1
815,815,PhoneLightGoldenRodYellow37909,Phone,56489,8.899999619,1
816,816,PhoneMistyRose23162,Phone,20494,37.5,1
817,817,LaptopPaleGreen31561,Laptop,50966,20.290000916,1
818,818,BikeSpringGreen47791,Bike,34695,90.13999939,1
819,819,WatchCadetBlue10894,Watch,48740,15.380000114,1
820,820,PhoneMoccasin27997,Phone,57327,87.339996338,1
821,821,StickerThistle4616,Sticker,46039,61.330001831,1
822,822,MattressLinen52271,Mattress,50029,96.809997559,1
823,823,LampCoral28197,Lamp,54687,94.339996338,1
824,824,ClotherDarkGreen51857,Clother,56668,56.229999542,1
825,825,WatchTomato21464,Watch,27131,62.180000305,1
826,826,WatchLemonChiffon4698,Watch,13699,81.38999939,1
827,827,LaptopBlanchedAlmond27771,Laptop,21022,22.469999313,1
828,828,MattressChartreuse35407,Mattress,36335,14.479999542,1
829,829,MattressPaleTurquoise41649,Mattress,53396,74.160003662,1
830,830,JewelryBurlyWood7914,Jewelry,15099,35.799999237,1
831,831,MattressPapayaWhip5601,Mattress,44105,22.88999939,1
832,832,StickerMoccasin17519,Sticker,38468,36.599998474,1
833,833,LampDarkSalmon9845,Lamp,43989,46.220001221,1
834,834,LaptopLawnGreen55342,Laptop,13247,84.900001526,1
835,835,BikeCornsilk10615,Bike,39135,51.700000763,1
836,836,MattressMediumOrchid37115,Mattress,40836,62.919998169,1
837,837,LaptopLightYellow50795,Laptop,46007,2.339999914,1
838,838,StickerPaleGreen27115,Sticker,50332,58.38999939,1
839,839,StickerSkyBlue23854,Sticker,46310,60.909999847,1
840,840,StickerFuchsia25269,Sticker,33420,29.280000687,1
841,841,BikeMaroon31725,Bike,12431,2.660000086,1
842,842,StickerIvory34076,Sticker,30963,75.099998474,1
843,843,LampDarkMagenta8660,Lamp,55192,95.730003357,1
844,844,WatchBrown3703,Watch,59850,80.5,1
845,845,BikeMediumSeaGreen23466,Bike,30710,16.989999771,1
846,846,LampLightSteelBlue3849,Lamp,42931,8.630000114,1
847,847,JewelryLightGoldenRodYellow18541,Jewelry,15840,70.309997559,1
848,848,JewelrySkyBlue11221,Jewelry,42073,10.899999619,1
849,849,ClotherRosyBrown1132,Clother,27619,21.969999313,1
850,850,JewelryGreen51322,Jewelry,38844,62.169998169,1
851,851,LampOlive21212,Lamp,46051,77.239997864,1
852,852,BikeDeepSkyBlue23267,Bike,47761,47.279998779,1
853,853,LampMintCream28798,Lamp,39005,59.200000763,1
854,854,StickerWheat31766,Sticker,41217,52.849998474,1
855,855,LaptopLightCyan7253,Laptop,18102,36.689998627,1
856,856,PhoneKhaki51153,Phone,15546,50.659999847,1
857,857,LaptopDarkSlateGray30404,Laptop,31439,10.430000305,1
858,858,StickerDarkGreen43781,Sticker,49344,30.479999542,1
859,859,JewelryIvory52810,Jewelry,55962,27.63999939,1
860,860,LampHotPink25133,Lamp,31875,27.399999619,1
861,861,PhoneMagenta6661,Phone,51024,71.540000916,1
862,862,PhoneIvory18844,Phone,50578,32.400001526,1
863,863,MattressLightCoral54115,Mattress,51361,14.729999542,1
864,864,MattressDarkGray599,Mattress,32398,94.959999084,1
865,865,StickerAliceBlue50958,Sticker,17488,1,1
866,866,JewelryGoldenRod32943,Jewelry,44131,99.099998474,1
867,867,WatchDarkBlue13478,Watch,45657,22.190000534,1
868,868,StickerHotPink16082,Sticker,31379,83.620002747,1
869,869,BikeOlive23156,Bike,12712,37.599998474,1
870,870,StickerRosyBrown7395,Sticker,57024,72.38999939,1
871,871,MattressIndianRed52357,Mattress,37484,33.319999695,1
872,872,BikeLightSlateGray17131,Bike,53694,47.5,1
873,873,PhoneFloralWhite37664,Phone,20598,90.870002747,1
874,874,MattressOlive40269,Mattress,51077,47.200000763,1
875,875,MattressPowderBlue31880,Mattress,49721,67.540000916,1
876,876,MattressLightBlue36890,Mattress,37827,57.959999084,1
877,877,BikeMediumOrchid33553,Bike,26056,60.599998474,1
878,878,PhoneGray54613,Phone,12861,94.620002747,1
879,879,StickerLightSalmon41977,Sticker,51955,15.760000229,1
880,880,LampRed49537,Lamp,28449,49.200000763,1
881,881,BikeDarkOrchid14441,Bike,33129,22.670000076,1
882,882,LampOrange631,Lamp,22124,62.400001526,1
883,883,JewelryMaroon39124,Jewelry,18600,56.330001831,1
884,884,MattressRoyalBlue31353,Mattress,36907,78.269996643,1
885,885,LaptopCadetBlue23149,Laptop,24388,34.790000916,1
886,886,PhonePurple56836,Phone,29016,13.670000076,1
887,887,LaptopLightGray29002,Laptop,54494,52.099998474,1
888,888,MattressSaddleBrown47533,Mattress,17090,74.239997864,1
889,889,WatchPeru20266,Watch,35164,84.489997864,1
890,890,MattressGainsboro13190,Mattress,59747,47.169998169,1
891,891,ClotherCrimson50980,Clother,31541,52.569999695,1
892,892,BikeLavenderBlush48190,Bike,25137,58.669998169,1
893,893,LampLightSkyBlue21080,Lamp,41183,58.159999847,1
894,894,ClotherMagenta16779,Clother,37596,18.899999619,1
895,895,ClotherTeal16972,Clother,30634,11.600000381,1
896,896,StickerLime8943,Sticker,47143,61.740001678,1
897,897,JewelryMagenta11294,Jewelry,41880,87.63999939,1
898,898,JewelryDarkGoldenRod18775,Jewelry,25544,83.75,1
899,899,PhoneLightGreen30743,Phone,40673,57.569999695,1
900,900,StickerDarkOrchid24102,Sticker,18322,9.340000153,1
901,901,JewelryBlanchedAlmond14258,Jewelry,36293,47.180000305,1
902,902,JewelryDarkMagenta28250,Jewelry,11619,57.259998322,1
903,903,BikeAliceBlue37298,Bike,39976,10.289999962,1
904,904,WatchCoral28373,Watch,55593,7.369999886,1
905,905,JewelryDeepSkyBlue2254,Jewelry,10167,52.799999237,1
906,906,MattressCadetBlue28799,Mattress,20264,2.799999952,1
907,907,PhoneMediumSlateBlue41759,Phone,36409,34.590000153,1
908,908,LaptopPaleGreen47105,Laptop,59440,81.220001221,1
909,909,LaptopWheat7109,Laptop,39273,98.529998779,1
910,910,StickerGray31492,Sticker,36668,46.990001678,1
911,911,WatchBlanchedAlmond41853,Watch,16394,95.760002136,1
912,912,MattressDimGray18082,Mattress,15883,33.380001068,1
913,913,LaptopHotPink47568,Laptop,12816,59,1
914,914,LaptopSienna40466,Laptop,33274,48.130001068,1
915,915,WatchMoccasin44660,Watch,47532,61.720001221,1
916,916,LaptopLightCoral49025,Laptop,38412,29.340000153,1
917,917,BikeCyan30264,Bike,55649,43.099998474,1
918,918,PhoneChocolate10351,Phone,51904,79.870002747,1
919,919,BikeLightCyan19370,Bike,19955,18.399999619,1
920,920,JewelryDarkGoldenRod21246,Jewelry,51750,91.489997864,1
921,921,LaptopPeru14543,Laptop,41337,78.839996338,1
922,922,ClotherMediumSlateBlue6110,Clother,52336,41.529998779,1
923,923,PhoneDarkOrchid49670,Phone,17254,80.120002747,1
924,924,WatchAquamarine15496,Watch,22622,2.799999952,1
925,925,LampSkyBlue2966,Lamp,14156,17.989999771,1
926,926,LampDarkTurquoise35966,Lamp,14343,82.86000061,1
927,927,MattressBlanchedAlmond20172,Mattress,42149,76.339996338,1
928,928,MattressDimGray45305,Mattress,23706,31.739999771,1
929,929,WatchPlum12555,Watch,10974,27.729999542,1
930,930,JewelryFireBrick19468,Jewelry,44118,77.449996948,1
931,931,LaptopDarkSlateBlue26588,Laptop,35492,8.43999958,1
932,932,LaptopCornflowerBlue55114,Laptop,53817,5.389999866,1
933,933,StickerOldLace52013,Sticker,43219,57.630001068,1
934,934,LampDarkKhaki35867,Lamp,13331,77.169998169,1
935,935,ClotherLightSlateGray20123,Clother,34085,31.63999939,1
936,936,ClotherMediumOrchid49223,Clother,35270,53.439998627,1
937,937,LampMediumTurquoise48220,Lamp,59737,88.739997864,1
938,938,PhoneViolet47130,Phone,23503,94.790000916,1
939,939,BikeOrchid48090,Bike,57775,88.419998169,1
940,940,PhoneLawnGreen18050,Phone,35776,41.599998474,1
941,941,ClotherDarkGray52979,Clother,42525,82.290000916,1
942,942,LaptopOrange2203,Laptop,38057,36.299999237,1
943,943,StickerDarkRed43488,Sticker,12750,51.36000061,1
944,944,MattressFireBrick19046,Mattress,53756,96.440002441,1
945,945,StickerMagenta54588,Sticker,16370,1.159999967,1
946,946,ClotherLightGray54226,Clother,10958,73.5,1
947,947,PhoneFuchsia54631,Phone,42960,24.809999466,1
948,948,StickerBlanchedAlmond29876,Sticker,12851,34.270000458,1
949,949,LaptopDarkRed47041,Laptop,42056,90.930000305,1
950,950,BikeAzure5977,Bike,19404,47.400001526,1
951,951,PhoneDarkOrange5722,Phone,11107,26.969999313,1
952,952,BikeOrangeRed10195,Bike,20912,30.629999161,1
953,953,ClotherYellow36192,Clother,18779,70.629997253,1
954,954,StickerLightCoral28004,Sticker,19723,90.400001526,1
955,955,LampBisque51080,Lamp,33071,77.199996948,1
956,956,JewelryLightCoral11061,Jewelry,43497,8.199999809,1
957,957,PhoneLightPink54750,Phone,19604,67.63999939,1
958,958,WatchBisque18110,Watch,34284,13,1
959,959,PhoneDarkRed9645,Phone,55858,68.620002747,1
960,960,MattressWheat22639,Mattress,31803,56.959999084,1
961,961,StickerGold14653,Sticker,51517,19.170000076,1
962,962,MattressMediumTurquoise11552,Mattress,29276,11,1
963,963,LaptopPlum24137,Laptop,48446,7.619999886,1
964,964,JewelryDarkSlateBlue10456,Jewelry,43921,87.5,1
965,965,JewelryCyan43063,Jewelry,26461,12.960000038,1
966,966,LaptopTan24753,Laptop,32282,72.849998474,1
967,967,BikeAzure14617,Bike,13103,45.849998474,1
968,968,WatchGray7343,Watch,23339,67.239997864,1
969,969,PhoneMediumSpringGreen39989,Phone,17280,9.829999924,1
970,970,ClotherAliceBlue25527,Clother,23866,52.209999084,1
971,971,LaptopDarkOrchid41707,Laptop,51533,61.680000305,1
972,972,ClotherMediumOrchid5101,Clother,17972,55.5,1
973,973,ClotherKhaki11760,Clother,56125,90.870002747,1
974,974,PhoneLightSkyBlue43942,Phone,42501,33.11000061,1
975,975,StickerCrimson45107,Sticker,10036,37.240001678,1
976,976,LaptopIndigo5242,Laptop,31677,27.260000229,1
977,977,PhonePaleGoldenRod28756,Phone,43923,95.5,1
978,978,BikeDarkGreen33962,Bike,26566,35.790000916,1
979,979,ClotherLightYellow14620,Clother,40244,21.63999939,1
980,980,LaptopDarkSeaGreen19576,Laptop,48908,44.599998474,1
981,981,ClotherRed23253,Clother,49273,1.950000048,1
982,982,JewelryPeru52068,Jewelry,56358,22.850000381,1
983,983,ClotherMaroon47851,Clother,26361,17.280000687,1
984,984,PhoneSeaGreen31449,Phone,59641,65.330001831,1
985,985,LampWhite26832,Lamp,26651,78.150001526,1
986,986,JewelryDarkSeaGreen4571,Jewelry,37963,63.849998474,1
987,987,LampSaddleBrown24323,Lamp,41412,23.11000061,1
988,988,ClotherSlateBlue39884,Clother,31869,24.5,1
989,989,LaptopSlateBlue6751,Laptop,32995,41.680000305,1
990,990,StickerCrimson32016,Sticker,42969,84.550003052,1
991,991,LaptopIvory13237,Laptop,12123,71.300003052,1
992,992,MattressMediumAquaMarine22442,Mattress,13518,19.299999237,1
993,993,LaptopSalmon55159,Laptop,22432,92.540000916,1
994,994,JewelryWheat56644,Jewelry,47722,20.149999619,1
995,995,MattressKhaki23928,Mattress,55433,84.779998779,1
996,996,LampDarkCyan56153,Lamp,12965,93.38999939,1
997,997,BikePeru23746,Bike,17821,87.580001831,1
998,998,WatchDodgerBlue9790,Watch,22267,66.239997864,1
999,999,JewelryLightSalmon31316,Jewelry,42628,77.400001526,1
1000,1000,StickerBurlyWood40821,Sticker,20820,63.430000305,1
