NoID,Product_ID,Product_Name,Weight,Product_SubCategory,Product_Color,Standard_Cost,General_Price,Product_Number,Sale_DateStart,Sale_DateEnd,Import_Flag,Warehouse_ID
0,39152,BikeSnow204,19.0,Bike,Snow,1940,143,6106,2018-03-01,2018-09-09,1,3
1,26023,LampDarkRed29117,66.38,Lamp,DarkRed,20502,108,9886,2017-07-23,2018-08-08,0,5
2,33460,LaptopLightYellow8109,41.4,Laptop,LightYellow,10380,272,8720,2017-08-30,2017-10-24,1,9
3,56373,MattressTomato10372,19.27,Mattress,Tomato,38368,57,8592,2017-04-10,2018-04-30,1,1
4,38701,JewelryDarkMagenta26756,9.89,Jewelry,DarkMagenta,23858,211,3989,2018-10-23,2018-11-22,1,5
5,47256,JewelryBlue21653,81.88,Jewelry,Blue,17609,222,9886,2018-05-29,2018-06-28,0,6
6,19572,MattressMediumTurquoise25666,47.35,Mattress,MediumTurquoise,12089,154,838,2018-02-05,2018-03-07,1,8
7,36539,BikeSkyBlue30764,88.47,Bike,SkyBlue,23763,28,4793,2018-08-09,2018-09-08,0,7
8,16999,ClotherPaleGoldenRod20003,45.56,Clother,PaleGoldenRod,7722,204,6967,2017-02-07,2017-06-20,0,6
9,25785,PhoneNavajoWhite43745,20.81,Phone,NavajoWhite,22877,301,9641,2018-08-16,2018-09-15,0,5
10,17491,WatchSpringGreen55675,56.87,Watch,SpringGreen,6776,58,9016,2017-05-02,2017-05-03,0,1
11,59023,StickerSteelBlue27395,21.42,Sticker,SteelBlue,43651,266,7483,2018-02-23,2018-03-25,1,2
12,18943,MattressBlanchedAlmond27375,80.61,Mattress,BlanchedAlmond,28774,25,2710,2017-11-19,2018-01-24,1,9
13,12024,WatchIndigo16978,86.79,Watch,Indigo,16898,288,3788,2017-07-24,2017-08-23,1,6
14,54051,ClotherDodgerBlue33943,32.29,Clother,DodgerBlue,23967,420,2534,2018-11-20,2018-12-20,0,1
15,42014,ClotherCornflowerBlue20096,61.55,Clother,CornflowerBlue,39942,111,5222,2018-06-17,2018-07-17,1,7
16,57850,LampLightPink3611,97.78,Lamp,LightPink,22320,218,3115,2018-06-15,2018-07-19,0,0
17,33517,StickerLightGreen19245,91.1,Sticker,LightGreen,42364,8,8152,2018-01-22,2018-02-21,0,7
18,50608,PhoneFuchsia24289,68.14,Phone,Fuchsia,14120,437,4484,2017-04-13,2018-08-17,1,4
19,34387,JewelryCyan53282,85.87,Jewelry,Cyan,20525,323,342,2017-02-16,2018-10-03,0,3
20,25687,PhoneOrchid30293,97.82,Phone,Orchid,31078,125,510,2017-09-12,2018-10-01,1,0
21,59830,ClotherRoyalBlue20549,30.67,Clother,RoyalBlue,11799,182,2115,2017-06-26,2017-12-31,1,6
22,58741,MattressLime37067,1.69,Mattress,Lime,3546,197,318,2017-05-23,2017-06-14,0,8
23,51814,LaptopMintCream41070,28.6,Laptop,MintCream,19308,82,9986,2018-04-15,2018-11-29,0,4
24,15922,StickerGreen33874,87.3,Sticker,Green,46005,170,8128,2017-09-06,2017-10-16,0,7
25,43620,PhoneGhostWhite55442,81.85,Phone,GhostWhite,24009,350,9198,2017-03-02,2017-06-18,1,7
26,18817,WatchBlue26161,71.86,Watch,Blue,1779,63,1273,2017-05-27,2018-04-01,0,6
27,55795,LaptopDodgerBlue8948,27.44,Laptop,DodgerBlue,48061,43,2168,2018-11-21,2018-12-21,1,1
28,25618,BikeLightPink14555,61.46,Bike,LightPink,44616,421,6805,2018-09-23,2018-10-23,1,3
29,17867,MattressSlateBlue53379,93.53,Mattress,SlateBlue,10152,196,3407,2018-07-23,2018-08-22,1,4
30,49861,ClotherMintCream10725,54.1,Clother,MintCream,37016,253,5127,2017-11-25,2018-12-16,1,5
31,53127,LampPurple23260,84.93,Lamp,Purple,44348,59,6588,2017-12-07,2018-12-15,1,0
32,59247,JewelrySeaGreen13473,54.52,Jewelry,SeaGreen,14927,155,3510,2018-03-12,2018-04-11,1,8
33,23635,MattressOldLace11567,3.81,Mattress,OldLace,28132,402,5020,2018-02-19,2018-04-12,0,1
34,25411,WatchLightCyan35320,73.66,Watch,LightCyan,23991,225,8093,2017-12-18,2018-03-23,0,8
35,19229,LampChartreuse24608,63.46,Lamp,Chartreuse,3802,432,7405,2017-08-31,2017-09-30,1,0
36,21031,PhoneYellowGreen15648,70.95,Phone,YellowGreen,38088,14,4171,2017-01-06,2018-06-15,1,1
37,42338,MattressMediumTurquoise16587,89.83,Mattress,MediumTurquoise,31394,390,2786,2017-10-28,2017-12-23,0,5
38,19775,WatchOrangeRed2051,57.52,Watch,OrangeRed,34219,500,7979,2017-09-24,2018-02-14,1,1
39,46963,JewelryHotPink31545,25.78,Jewelry,HotPink,24134,479,490,2018-02-25,2018-04-28,0,7
40,16882,WatchLightGray53142,86.16,Watch,LightGray,33532,75,57,2017-02-19,2017-06-28,0,9
41,40302,LampYellow54001,51.36,Lamp,Yellow,46937,416,6107,2017-01-29,2017-02-28,0,8
42,34648,ClotherDarkGray44343,14.36,Clother,DarkGray,12266,457,2245,2018-02-06,2018-03-08,0,2
43,29598,ClotherSeaShell36110,47.24,Clother,SeaShell,21643,201,6655,2017-03-01,2017-03-31,0,9
44,26884,BikeMagenta7093,1.33,Bike,Magenta,30308,48,5928,2017-04-10,2017-05-10,0,2
45,29709,PhoneIndigo36772,62.74,Phone,Indigo,12253,22,7187,2017-03-20,2018-06-28,1,4
46,13567,JewelrySpringGreen51220,83.66,Jewelry,SpringGreen,31511,481,6430,2018-06-27,2018-07-27,0,3
47,27085,BikeTeal35400,31.63,Bike,Teal,20842,409,9291,2018-09-01,2018-10-01,0,6
48,20231,LaptopYellow4944,55.76,Laptop,Yellow,40842,114,3130,2017-09-20,2017-11-08,0,9
49,24695,WatchTomato55473,47.29,Watch,Tomato,33507,69,8412,2018-08-13,2018-09-23,0,7
50,38194,MattressSaddleBrown16009,76.89,Mattress,SaddleBrown,12766,431,7507,2017-06-07,2018-01-25,0,2
51,44561,StickerLime6896,93.91,Sticker,Lime,5866,446,5478,2018-05-25,2018-06-24,1,5
52,53618,ClotherPaleTurquoise54082,45.52,Clother,PaleTurquoise,17064,73,824,2017-09-02,2017-10-02,0,2
53,35285,JewelryBeige26326,24.25,Jewelry,Beige,37260,500,7795,2017-03-11,2017-03-30,1,3
54,31284,ClotherBisque9598,18.41,Clother,Bisque,47081,307,902,2017-06-26,2017-07-26,1,0
55,10834,BikeTeal2007,81.53,Bike,Teal,1700,499,7025,2017-04-07,2017-11-12,0,1
56,47370,JewelryGold48616,14.41,Jewelry,Gold,29704,426,9827,2018-07-19,2018-08-18,1,2
57,38957,MattressMediumSpringGreen44520,24.8,Mattress,MediumSpringGreen,9541,424,3891,2017-12-27,2018-04-03,0,7
58,11328,ClotherSnow7186,20.21,Clother,Snow,43814,256,3094,2017-11-10,2018-12-18,1,2
59,38505,StickerHoneyDew2991,14.72,Sticker,HoneyDew,22710,349,3426,2017-01-05,2018-05-16,1,8
60,34825,WatchMediumPurple31035,7.89,Watch,MediumPurple,46683,428,1167,2017-12-23,2018-09-07,0,0
61,57557,WatchTeal41287,65.61,Watch,Teal,45991,481,4981,2017-08-24,2018-07-31,0,6
62,41907,PhoneSaddleBrown6224,25.0,Phone,SaddleBrown,21157,150,8001,2017-11-07,2017-11-25,1,8
63,34078,StickerBlueViolet41126,89.1,Sticker,BlueViolet,41462,237,6342,2017-01-10,2017-11-24,1,3
64,54522,WatchDarkSlateGray10882,49.31,Watch,DarkSlateGray,23611,275,8045,2018-02-08,2018-03-02,0,2
65,43394,LaptopOrange53938,57.3,Laptop,Orange,1827,379,6723,2017-08-11,2017-12-16,1,2
66,35022,ClotherCornflowerBlue24085,39.25,Clother,CornflowerBlue,45093,459,983,2018-05-09,2018-06-08,0,6
67,51127,LampBlanchedAlmond38963,52.57,Lamp,BlanchedAlmond,35335,27,4412,2018-03-15,2018-04-14,1,4
68,10752,StickerBlack20286,39.71,Sticker,Black,9777,423,1921,2018-09-11,2018-10-11,0,2
69,44083,BikeSnow9598,75.49,Bike,Snow,16608,433,9991,2018-06-06,2018-12-05,1,6
70,28232,JewelryThistle55777,68.3,Jewelry,Thistle,4041,152,1731,2018-09-20,2018-10-20,1,1
71,46531,StickerAqua1524,31.69,Sticker,Aqua,47036,81,682,2018-07-17,2018-08-16,0,9
72,45147,LampPeachPuff13030,91.6,Lamp,PeachPuff,46484,400,1027,2017-02-24,2018-05-21,0,0
73,18508,LaptopLightSeaGreen13660,54.39,Laptop,LightSeaGreen,20955,169,3572,2017-07-16,2017-09-16,0,3
74,17487,PhoneGold42459,64.46,Phone,Gold,18065,441,3867,2018-01-17,2018-03-19,1,3
75,13502,LaptopSilver47018,50.98,Laptop,Silver,46299,182,794,2018-02-05,2018-03-07,0,5
76,46028,WatchDarkCyan34704,46.65,Watch,DarkCyan,13782,494,7348,2017-11-21,2017-12-21,1,4
77,50964,LampLightSeaGreen42613,74.63,Lamp,LightSeaGreen,43323,40,4910,2018-05-24,2018-06-23,0,3
78,13907,MattressLimeGreen17898,60.0,Mattress,LimeGreen,14161,425,2046,2017-09-18,2017-10-18,1,8
79,50755,LampCornflowerBlue8116,30.2,Lamp,CornflowerBlue,47312,111,2249,2018-01-07,2018-02-06,1,9
80,59298,BikeLinen53180,29.35,Bike,Linen,9752,246,8033,2018-11-06,2018-12-06,0,9
81,47957,JewelryLavender6188,67.57,Jewelry,Lavender,17226,404,3780,2017-04-20,2017-10-06,1,1
82,42531,StickerSeaGreen43032,26.81,Sticker,SeaGreen,19170,327,3033,2018-02-19,2018-03-21,1,4
83,42577,LampAntiqueWhite28723,23.43,Lamp,AntiqueWhite,2465,241,7105,2017-02-14,2018-11-30,1,7
84,10937,StickerLightSalmon40438,2.35,Sticker,LightSalmon,39047,39,8966,2018-05-22,2018-10-09,0,9
85,50102,StickerPapayaWhip51898,53.51,Sticker,PapayaWhip,36272,368,954,2018-11-07,2018-12-07,0,0
86,49581,ClotherGold52680,92.81,Clother,Gold,8714,424,1586,2018-02-24,2018-06-08,1,4
87,53529,LaptopDeepSkyBlue16737,55.6,Laptop,DeepSkyBlue,19941,491,9805,2017-04-06,2017-10-06,0,7
88,33903,WatchMediumTurquoise16882,92.26,Watch,MediumTurquoise,26395,46,7017,2017-05-31,2018-12-20,0,8
89,11361,JewelryNavy1826,3.54,Jewelry,Navy,35490,123,2966,2017-10-03,2017-11-20,0,9
90,28677,ClotherMediumOrchid44054,24.12,Clother,MediumOrchid,12515,296,308,2017-04-07,2018-09-10,1,5
91,14376,PhoneLightSeaGreen50760,21.51,Phone,LightSeaGreen,31304,444,7352,2018-09-23,2018-12-08,0,4
92,55568,WatchSeaShell48034,90.31,Watch,SeaShell,39305,115,9981,2017-05-12,2018-04-18,1,8
93,15472,JewelryOrchid8094,20.0,Jewelry,Orchid,38917,448,187,2017-10-22,2018-09-13,0,4
94,56679,StickerCoral1406,60.1,Sticker,Coral,28427,285,9032,2017-05-30,2018-12-30,1,5
95,43691,WatchCadetBlue52229,55.39,Watch,CadetBlue,40666,359,907,2018-11-20,2018-12-20,0,1
96,49255,JewelryCornflowerBlue44265,49.5,Jewelry,CornflowerBlue,22736,137,3146,2017-09-05,2017-10-05,1,8
97,49689,JewelryPowderBlue29221,17.43,Jewelry,PowderBlue,31865,98,318,2018-08-18,2018-09-17,0,5
98,48116,ClotherTan25930,27.27,Clother,Tan,19469,222,3864,2017-08-02,2017-08-05,1,9
99,29411,WatchOldLace49994,71.3,Watch,OldLace,20283,452,3129,2018-02-24,2018-03-26,0,4
100,37184,StickerForestGreen52615,97.82,Sticker,ForestGreen,2527,158,4559,2018-11-02,2018-12-02,0,5
101,33681,PhoneSienna6785,52.52,Phone,Sienna,3497,381,7021,2018-02-01,2018-04-13,0,0
102,18250,StickerNavy18141,99.79,Sticker,Navy,21766,56,8526,2018-10-13,2018-11-12,1,0
103,51558,PhoneDarkGreen15424,74.82,Phone,DarkGreen,26639,443,9122,2018-10-03,2018-11-02,0,0
104,38316,BikeGreenYellow22455,93.2,Bike,GreenYellow,18905,165,1721,2017-08-03,2018-10-25,1,4
105,20437,ClotherLightCoral37215,92.9,Clother,LightCoral,19836,402,8595,2018-05-31,2018-06-30,0,7
106,10571,MattressLightSlateGray46062,82.47,Mattress,LightSlateGray,48663,97,9267,2018-06-09,2018-07-09,1,5
107,13020,LampLightCoral13388,85.45,Lamp,LightCoral,13,79,2086,2017-01-31,2018-03-18,1,3
108,29259,BikeGreen43140,22.57,Bike,Green,16964,363,6053,2018-01-11,2018-04-04,1,1
109,30120,LaptopRoyalBlue21176,27.78,Laptop,RoyalBlue,10635,499,5386,2017-02-02,2018-02-18,1,0
110,44219,MattressMediumTurquoise30301,56.92,Mattress,MediumTurquoise,1129,359,9343,2017-09-25,2017-10-25,1,1
111,18345,BikeLightSlateGray8823,74.47,Bike,LightSlateGray,673,319,6489,2018-02-03,2018-03-05,0,3
112,29824,PhoneCornflowerBlue23787,3.16,Phone,CornflowerBlue,35652,219,4944,2017-04-11,2018-10-20,1,3
113,15751,BikeBlanchedAlmond23920,31.85,Bike,BlanchedAlmond,30621,173,4722,2018-02-26,2018-03-28,1,6
114,48330,MattressTeal28049,28.69,Mattress,Teal,26377,48,328,2017-06-16,2017-07-16,0,8
115,47820,MattressPaleVioletRed37008,98.57,Mattress,PaleVioletRed,138,458,3717,2017-04-10,2017-09-03,0,0
116,30809,PhoneMediumPurple9659,0.85,Phone,MediumPurple,36642,365,4294,2018-10-09,2018-11-08,0,0
117,36937,BikeDarkGray39453,83.47,Bike,DarkGray,3961,257,1859,2017-09-18,2018-05-03,1,5
118,26111,WatchTurquoise23611,6.68,Watch,Turquoise,11341,123,392,2018-04-07,2018-07-24,1,8
119,22637,LampPaleVioletRed1454,59.6,Lamp,PaleVioletRed,46446,285,1008,2017-10-29,2017-11-28,0,0
120,48775,LaptopPaleGreen53779,80.42,Laptop,PaleGreen,30898,182,7321,2018-09-24,2018-10-24,1,6
121,54130,WatchYellowGreen34925,37.38,Watch,YellowGreen,24946,447,2853,2018-10-11,2018-11-10,0,4
122,58648,PhoneViolet5289,50.74,Phone,Violet,35769,252,362,2018-05-18,2018-06-01,1,4
123,17146,PhoneDarkCyan44058,95.87,Phone,DarkCyan,12297,382,9612,2018-04-01,2018-11-03,0,8
124,58978,PhoneHotPink23738,95.86,Phone,HotPink,20544,256,6760,2018-04-11,2018-12-09,0,6
125,36732,LaptopOldLace49765,97.47,Laptop,OldLace,36840,176,7686,2017-03-10,2018-01-22,0,9
126,54470,ClotherBeige54109,97.98,Clother,Beige,9534,489,6027,2017-12-21,2018-06-07,1,1
127,26480,StickerPaleTurquoise54972,17.43,Sticker,PaleTurquoise,24004,245,8065,2018-12-21,2018-12-31,1,1
128,33181,PhoneMediumAquaMarine7595,98.32,Phone,MediumAquaMarine,15526,222,3598,2017-08-01,2018-02-03,1,6
129,21436,JewelryGreenYellow17881,45.24,Jewelry,GreenYellow,12176,59,2537,2018-01-06,2018-02-05,0,9
130,27390,BikeDarkGreen41866,17.44,Bike,DarkGreen,16693,22,6979,2017-10-08,2018-01-11,1,0
131,29802,BikeGreen51647,51.87,Bike,Green,34820,138,1407,2017-05-08,2017-12-07,1,0
132,18613,ClotherMediumAquaMarine8682,66.8,Clother,MediumAquaMarine,40806,279,371,2018-05-12,2018-06-11,0,1
133,53001,LampDarkOrange3375,96.85,Lamp,DarkOrange,503,305,3682,2017-12-17,2018-11-25,0,1
134,48628,BikeGainsboro40049,52.24,Bike,Gainsboro,30354,255,6492,2018-05-01,2018-05-31,1,9
135,30867,BikeBurlyWood36937,24.5,Bike,BurlyWood,47255,397,1165,2018-05-30,2018-06-29,1,0
136,47187,LampWheat45564,46.74,Lamp,Wheat,14668,61,990,2018-09-28,2018-10-28,1,1
137,48194,LaptopForestGreen15793,89.6,Laptop,ForestGreen,7421,360,5752,2018-12-02,2018-12-31,0,8
138,24688,BikeOliveDrab35233,1.8,Bike,OliveDrab,36411,295,6096,2018-09-25,2018-10-25,0,6
139,58387,PhoneDarkKhaki48128,73.73,Phone,DarkKhaki,40984,318,9316,2018-06-13,2018-07-13,0,9
140,53651,LampLime42557,43.17,Lamp,Lime,17939,183,9153,2017-07-08,2018-06-04,0,0
141,38167,LampIndigo37469,61.79,Lamp,Indigo,1269,424,2608,2018-07-30,2018-08-29,0,8
142,20947,BikeOrchid42072,58.91,Bike,Orchid,20689,256,6096,2018-10-11,2018-11-10,0,6
143,34258,MattressMaroon993,82.52,Mattress,Maroon,46902,243,7235,2018-01-13,2018-09-05,1,1
144,48705,LaptopTan2648,9.28,Laptop,Tan,44710,352,3532,2017-02-13,2017-12-10,1,2
145,17302,PhoneDimGray17500,38.69,Phone,DimGray,39130,139,3703,2018-07-22,2018-08-21,0,4
146,59456,StickerOldLace39972,42.53,Sticker,OldLace,33943,146,2517,2018-08-12,2018-09-11,1,9
147,16578,MattressMediumBlue28655,57.36,Mattress,MediumBlue,33320,346,6278,2017-03-10,2017-05-20,0,6
148,56789,JewelryOldLace43322,15.59,Jewelry,OldLace,3001,283,8284,2017-08-18,2017-09-17,0,9
149,40705,JewelryIvory30280,7.67,Jewelry,Ivory,6253,225,964,2017-10-08,2018-01-01,0,0
150,20701,JewelryLime29911,33.65,Jewelry,Lime,4778,484,697,2017-07-18,2018-06-03,0,1
151,49373,BikeAzure449,74.97,Bike,Azure,8344,270,8255,2018-07-13,2018-08-30,0,3
152,19214,StickerSandyBrown43015,38.73,Sticker,SandyBrown,2433,327,6125,2017-08-12,2018-05-09,0,5
153,22958,MattressAquamarine9444,38.18,Mattress,Aquamarine,32852,47,6068,2017-10-16,2018-06-13,0,3
154,26797,LaptopSnow56661,18.55,Laptop,Snow,21589,126,9975,2018-10-05,2018-12-29,1,3
155,51366,LampLightCyan45469,10.17,Lamp,LightCyan,28161,373,7833,2018-02-04,2018-03-06,0,1
156,53063,BikeGoldenRod37175,96.46,Bike,GoldenRod,28942,105,7196,2017-04-24,2017-05-24,0,3
157,53290,LaptopLightCyan10234,24.88,Laptop,LightCyan,12068,143,3740,2017-03-16,2018-06-18,1,7
158,23724,ClotherFuchsia34490,42.64,Clother,Fuchsia,15480,319,8231,2017-06-30,2018-07-25,1,2
159,19046,JewelryMaroon7481,41.8,Jewelry,Maroon,23842,141,4611,2017-11-03,2018-04-10,0,6
160,40862,PhoneLightPink42162,63.79,Phone,LightPink,26472,213,9489,2017-12-02,2018-07-15,1,7
161,30275,WatchGold40229,32.38,Watch,Gold,45714,393,3400,2018-01-21,2018-02-20,0,0
162,21934,WatchPapayaWhip22638,86.0,Watch,PapayaWhip,31145,238,9181,2017-12-23,2018-01-22,0,3
163,53873,JewelryPink46448,65.25,Jewelry,Pink,39251,104,8771,2017-03-17,2018-08-21,0,2
164,58860,MattressSienna29148,96.51,Mattress,Sienna,29868,104,2025,2017-05-03,2018-11-01,0,0
165,52861,PhoneSnow17147,25.69,Phone,Snow,45750,393,1844,2018-03-28,2018-04-27,0,0
166,18124,MattressCornflowerBlue38450,27.3,Mattress,CornflowerBlue,35099,113,3785,2017-01-23,2017-03-01,0,5
167,47862,BikeSandyBrown16119,13.54,Bike,SandyBrown,7987,10,4335,2017-09-27,2018-08-22,1,7
168,43910,PhoneSeaShell6916,39.53,Phone,SeaShell,8017,71,6156,2017-08-09,2018-09-14,0,2
169,14663,PhoneLightSteelBlue10303,62.9,Phone,LightSteelBlue,34583,380,3109,2018-09-05,2018-10-05,1,0
170,48309,BikeGold23709,80.4,Bike,Gold,33619,339,6138,2017-07-18,2018-02-23,1,9
171,55744,LampNavy36512,38.67,Lamp,Navy,1277,8,6105,2018-08-26,2018-09-25,1,9
172,31202,BikeLawnGreen7284,63.43,Bike,LawnGreen,11486,428,8540,2018-05-18,2018-06-17,0,8
173,51403,LaptopLightSalmon10723,35.38,Laptop,LightSalmon,31619,18,8728,2018-12-05,2018-12-31,1,2
174,10598,ClotherWhiteSmoke50610,11.11,Clother,WhiteSmoke,24709,286,6334,2018-12-13,2018-12-31,0,5
175,13065,BikeMediumAquaMarine19177,36.69,Bike,MediumAquaMarine,2093,127,9043,2018-01-31,2018-10-04,1,6
176,26467,JewelryLightSeaGreen38645,58.88,Jewelry,LightSeaGreen,28866,55,3515,2017-12-11,2018-01-10,0,4
177,41504,JewelryLightSteelBlue44844,91.81,Jewelry,LightSteelBlue,12282,391,9097,2017-03-11,2017-05-26,0,1
178,19428,PhoneSalmon3713,52.32,Phone,Salmon,40836,349,8607,2018-04-22,2018-05-22,1,4
179,16263,MattressDarkSalmon39422,24.35,Mattress,DarkSalmon,26351,371,5887,2018-07-12,2018-10-16,1,9
180,57104,BikeThistle33143,56.23,Bike,Thistle,18156,221,515,2018-10-23,2018-11-22,1,3
181,48638,PhoneAquamarine16484,82.58,Phone,Aquamarine,35486,87,7915,2017-10-01,2018-08-09,0,5
182,28352,ClotherDarkGoldenRod12464,28.88,Clother,DarkGoldenRod,30138,63,4280,2018-01-23,2018-10-27,0,8
183,55104,JewelryMediumSpringGreen23345,64.49,Jewelry,MediumSpringGreen,31367,315,8504,2018-08-14,2018-09-13,1,8
184,53025,LampIndigo42055,62.36,Lamp,Indigo,12718,120,6116,2018-08-19,2018-10-05,0,6
185,38629,MattressNavajoWhite28484,94.79,Mattress,NavajoWhite,17206,475,3701,2017-11-01,2017-12-01,1,6
186,47697,WatchGreenYellow44574,91.18,Watch,GreenYellow,22837,208,6544,2017-07-11,2017-08-10,0,4
187,48709,PhoneBurlyWood27781,3.87,Phone,BurlyWood,6830,453,1941,2018-01-30,2018-10-29,0,3
188,11155,BikeDarkRed22927,92.12,Bike,DarkRed,33406,337,5551,2017-10-01,2018-03-08,0,4
189,17986,MattressDeepPink5535,11.7,Mattress,DeepPink,23629,189,5876,2018-09-29,2018-10-29,0,8
190,43221,StickerRosyBrown25822,69.17,Sticker,RosyBrown,39064,248,2959,2018-11-11,2018-12-11,1,6
191,26611,JewelryLightYellow25822,37.64,Jewelry,LightYellow,19416,108,2144,2017-12-27,2018-08-24,1,0
192,31367,PhoneLightYellow19567,48.18,Phone,LightYellow,28162,48,4205,2018-12-15,2018-12-31,0,4
193,24179,LaptopPink41744,79.88,Laptop,Pink,39696,495,9427,2017-11-22,2018-01-01,1,9
194,21879,JewelryNavajoWhite51911,87.22,Jewelry,NavajoWhite,15804,259,148,2017-09-13,2017-09-16,0,5
195,21163,LaptopMediumAquaMarine43550,31.41,Laptop,MediumAquaMarine,32368,88,5066,2018-02-28,2018-03-30,0,4
196,11002,PhoneOlive34283,9.33,Phone,Olive,9626,448,6057,2017-07-16,2018-06-02,1,0
197,40283,StickerSkyBlue40384,49.67,Sticker,SkyBlue,38076,407,6389,2018-02-12,2018-11-27,1,0
198,18922,LampBeige27946,97.35,Lamp,Beige,10004,119,1560,2017-12-12,2018-01-11,0,7
199,12382,MattressPaleTurquoise44403,11.59,Mattress,PaleTurquoise,36887,476,9570,2017-11-30,2017-12-30,0,2
200,24889,WatchMediumTurquoise22922,48.17,Watch,MediumTurquoise,3179,240,7962,2017-06-14,2017-10-20,1,8
201,38706,JewelryLightSkyBlue3285,35.61,Jewelry,LightSkyBlue,41615,181,3514,2018-12-11,2018-12-31,1,4
202,32038,BikeTeal54050,68.65,Bike,Teal,10009,461,6667,2017-12-06,2018-08-29,0,1
203,17232,BikeSienna34351,80.52,Bike,Sienna,8583,481,9058,2017-07-19,2017-08-18,1,2
204,42619,LampSilver41878,0.69,Lamp,Silver,23672,200,5934,2017-03-24,2017-08-30,1,3
205,41559,WatchLavenderBlush56581,5.94,Watch,LavenderBlush,3042,77,6645,2017-03-19,2017-11-29,0,4
206,21488,JewelryLightGoldenRodYellow40661,5.27,Jewelry,LightGoldenRodYellow,42681,147,4004,2018-02-07,2018-07-12,1,2
207,31776,JewelryAzure15892,0.1,Jewelry,Azure,3081,396,1051,2018-06-26,2018-07-26,0,2
208,58382,BikeDarkMagenta5736,79.99,Bike,DarkMagenta,23971,333,7510,2017-04-19,2018-11-12,0,9
209,34696,StickerPaleGreen2619,61.68,Sticker,PaleGreen,34247,484,4944,2017-03-08,2018-07-07,0,6
210,45565,PhoneLightGray132,35.35,Phone,LightGray,6867,453,3484,2017-04-08,2017-06-26,0,9
211,27880,ClotherSaddleBrown31906,56.12,Clother,SaddleBrown,20270,224,648,2017-08-05,2017-09-04,1,9
212,52315,PhoneWhiteSmoke55465,72.57,Phone,WhiteSmoke,1928,439,6398,2018-02-04,2018-03-06,1,0
213,44075,StickerMediumVioletRed55137,73.86,Sticker,MediumVioletRed,9516,306,5268,2018-05-18,2018-06-17,1,7
214,17818,PhoneIndianRed35878,92.99,Phone,IndianRed,25511,258,4881,2017-10-13,2018-07-10,0,0
215,32121,MattressGray16231,55.74,Mattress,Gray,14409,108,4803,2017-02-09,2017-03-09,0,0
216,32569,WatchSlateGray22774,77.41,Watch,SlateGray,25606,123,7815,2018-10-16,2018-11-15,0,5
217,44606,WatchViolet34044,88.24,Watch,Violet,25425,378,3435,2018-10-09,2018-11-08,0,6
218,27554,LaptopRosyBrown56836,4.53,Laptop,RosyBrown,44374,36,5213,2017-08-29,2018-06-26,0,1
219,28780,ClotherDarkTurquoise6831,79.35,Clother,DarkTurquoise,771,236,1447,2018-08-31,2018-09-30,0,9
220,22007,LampBlueViolet38720,94.82,Lamp,BlueViolet,40985,470,5172,2017-04-30,2018-02-15,1,5
221,30209,PhoneWhiteSmoke51211,22.16,Phone,WhiteSmoke,11453,141,4949,2018-01-19,2018-02-18,1,1
222,27430,WatchOldLace25225,87.65,Watch,OldLace,21574,476,3867,2018-12-22,2018-12-31,1,2
223,37212,PhoneBrown20680,57.92,Phone,Brown,40569,130,4880,2017-06-24,2018-08-16,1,6
224,54132,MattressDimGray3827,93.38,Mattress,DimGray,28971,243,7972,2017-10-25,2018-03-20,1,4
225,33659,LampOrchid23056,4.54,Lamp,Orchid,49183,336,291,2018-06-28,2018-07-28,0,2
226,31057,LaptopPeachPuff23094,90.67,Laptop,PeachPuff,7094,385,2627,2017-10-11,2017-11-10,1,2
227,58621,MattressMediumPurple39224,87.3,Mattress,MediumPurple,8285,156,8822,2018-06-27,2018-07-27,0,4
228,47572,JewelryDarkOliveGreen26332,35.81,Jewelry,DarkOliveGreen,17261,498,3589,2018-10-12,2018-11-11,0,8
229,53574,ClotherLightYellow37030,99.29,Clother,LightYellow,2514,294,4212,2018-02-24,2018-07-17,0,5
230,55346,WatchSnow54228,18.7,Watch,Snow,41373,176,5301,2017-03-25,2018-07-04,0,4
231,27875,ClotherLavender12666,55.51,Clother,Lavender,35811,202,5146,2017-06-10,2018-03-23,0,8
232,57929,WatchSandyBrown19497,99.77,Watch,SandyBrown,28332,272,9460,2017-06-01,2017-07-01,1,5
233,16345,MattressBlack33308,74.75,Mattress,Black,3766,197,1794,2018-02-21,2018-03-23,0,5
234,29301,JewelryAquamarine35934,86.3,Jewelry,Aquamarine,35479,360,1775,2017-05-30,2017-06-29,1,9
235,32158,StickerSpringGreen41981,83.5,Sticker,SpringGreen,34431,493,8713,2017-05-19,2017-07-26,0,5
236,56707,MattressDarkOliveGreen21516,81.33,Mattress,DarkOliveGreen,8038,460,7977,2018-09-09,2018-10-09,0,2
237,21352,LampDarkRed41725,96.44,Lamp,DarkRed,32900,191,9484,2017-05-08,2018-05-24,0,8
238,19165,ClotherDarkGoldenRod4253,24.3,Clother,DarkGoldenRod,45102,331,6635,2017-01-19,2018-01-21,1,4
239,18349,MattressGainsboro20003,33.7,Mattress,Gainsboro,14935,461,1806,2018-06-28,2018-12-17,1,1
240,35063,MattressAqua54639,20.48,Mattress,Aqua,27188,175,6678,2018-06-03,2018-07-03,1,2
241,45439,WatchDarkBlue28559,36.75,Watch,DarkBlue,42101,180,5392,2018-04-23,2018-05-23,0,1
242,20488,JewelryForestGreen6073,2.83,Jewelry,ForestGreen,34291,111,2783,2018-04-01,2018-05-01,0,3
243,11110,ClotherLightGray48719,14.28,Clother,LightGray,6913,232,9527,2018-06-25,2018-07-25,0,2
244,46281,PhoneBlueViolet5207,48.98,Phone,BlueViolet,20405,436,8918,2017-09-26,2017-10-26,1,4
245,26419,PhoneMediumSlateBlue40909,36.37,Phone,MediumSlateBlue,33210,276,8199,2017-01-08,2018-02-25,1,5
246,58333,MattressPurple11895,38.7,Mattress,Purple,4982,317,9652,2018-07-08,2018-08-07,1,0
247,33838,LampLawnGreen36312,73.4,Lamp,LawnGreen,41443,74,6909,2018-11-13,2018-12-13,0,3
248,54604,LaptopOldLace46500,93.69,Laptop,OldLace,44072,181,6674,2017-05-21,2017-06-12,1,9
249,26552,LampSnow16132,78.12,Lamp,Snow,38077,286,3287,2018-02-07,2018-08-03,0,8
250,55121,MattressMediumOrchid21267,4.42,Mattress,MediumOrchid,8154,289,9539,2017-01-11,2018-12-10,1,3
251,30627,LampGreen27401,16.94,Lamp,Green,33814,86,6824,2017-10-22,2017-11-21,0,9
252,44340,BikeWheat4926,63.13,Bike,Wheat,45216,168,7720,2017-12-26,2018-03-04,0,6
253,58318,LaptopLightGoldenRodYellow30387,39.55,Laptop,LightGoldenRodYellow,13640,20,2247,2017-11-05,2018-04-24,1,4
254,44424,StickerGray35351,17.16,Sticker,Gray,44626,24,2483,2018-06-16,2018-07-16,0,2
255,15405,MattressDarkSalmon33189,53.35,Mattress,DarkSalmon,11977,97,850,2018-06-06,2018-07-06,1,0
256,19680,StickerOldLace38082,8.6,Sticker,OldLace,4918,233,6121,2017-05-29,2018-06-27,0,4
257,26357,MattressLime769,36.31,Mattress,Lime,26133,130,7879,2018-09-26,2018-10-26,0,2
258,34635,StickerWhiteSmoke27180,33.9,Sticker,WhiteSmoke,32780,108,2681,2018-01-11,2018-02-10,1,5
259,22270,WatchLime40726,19.5,Watch,Lime,44089,437,1005,2018-10-10,2018-11-09,1,9
260,12016,BikeFloralWhite45596,31.45,Bike,FloralWhite,47702,372,2136,2017-03-31,2017-04-30,0,9
261,49833,WatchKhaki56635,21.15,Watch,Khaki,6752,31,8738,2017-06-02,2017-08-16,0,4
262,29225,MattressLightGray54084,46.7,Mattress,LightGray,46352,359,525,2017-10-13,2018-11-04,1,1
263,27306,StickerAquamarine8941,9.69,Sticker,Aquamarine,48278,188,9395,2017-02-21,2018-03-14,0,7
264,30908,StickerDarkKhaki15126,62.41,Sticker,DarkKhaki,31743,175,368,2017-07-13,2018-11-26,1,7
265,30333,BikeLightCyan2125,46.93,Bike,LightCyan,13647,350,7699,2017-05-15,2017-06-14,1,9
266,16805,ClotherBlack39618,70.46,Clother,Black,25119,12,4427,2018-10-16,2018-11-15,1,0
267,40762,BikeLawnGreen13240,87.65,Bike,LawnGreen,14314,449,4293,2018-11-23,2018-12-23,0,3
268,37626,ClotherMediumOrchid38965,96.93,Clother,MediumOrchid,28355,162,6036,2018-12-14,2018-12-31,1,6
269,45897,BikePaleGoldenRod48138,30.4,Bike,PaleGoldenRod,39077,63,7683,2018-04-09,2018-05-09,1,8
270,40175,JewelryDodgerBlue40052,90.22,Jewelry,DodgerBlue,47363,254,7247,2017-05-24,2017-09-05,1,5
271,36888,BikeBrown50744,71.9,Bike,Brown,49492,231,4549,2017-08-01,2017-12-28,1,0
272,58958,JewelryAntiqueWhite17403,95.72,Jewelry,AntiqueWhite,37429,53,3365,2018-01-14,2018-02-13,0,5
273,59530,ClotherLightGray33873,77.9,Clother,LightGray,47120,358,1627,2017-06-29,2018-08-25,0,2
274,31339,BikeFireBrick38769,6.64,Bike,FireBrick,9675,170,412,2017-05-14,2017-12-23,0,8
275,39268,BikeDarkSlateGray31288,97.93,Bike,DarkSlateGray,32861,257,4510,2017-04-08,2017-07-10,0,7
276,16217,StickerAntiqueWhite37651,47.1,Sticker,AntiqueWhite,3905,255,5310,2017-06-17,2018-09-30,1,3
277,44755,ClotherDeepSkyBlue48520,23.76,Clother,DeepSkyBlue,5506,354,2755,2018-07-27,2018-08-26,0,0
278,18590,ClotherPlum35012,40.37,Clother,Plum,41103,323,8792,2017-08-27,2018-08-13,0,3
279,54357,LaptopTeal1358,86.3,Laptop,Teal,36027,66,1447,2017-08-31,2017-09-30,0,9
280,33014,MattressDarkSeaGreen3365,95.98,Mattress,DarkSeaGreen,48364,55,5456,2018-09-16,2018-10-16,0,7
281,26021,JewelryDarkOliveGreen24274,44.87,Jewelry,DarkOliveGreen,9621,352,2350,2018-05-14,2018-06-13,1,4
282,49351,PhoneMagenta47686,15.22,Phone,Magenta,13350,44,6545,2018-05-02,2018-06-01,0,6
283,49637,LaptopPurple31061,99.24,Laptop,Purple,3734,436,5946,2018-09-29,2018-10-29,0,0
284,40367,LampPapayaWhip5907,12.14,Lamp,PapayaWhip,8731,297,8701,2017-08-06,2017-09-05,0,9
285,35303,LaptopSienna4746,80.4,Laptop,Sienna,28802,29,233,2018-12-19,2018-12-31,1,8
286,27326,StickerLimeGreen23142,57.63,Sticker,LimeGreen,17938,310,8395,2017-01-12,2018-03-11,1,3
287,54811,LampCyan52080,26.3,Lamp,Cyan,39384,386,4106,2018-04-03,2018-05-03,0,9
288,11772,LampSienna21501,37.3,Lamp,Sienna,23675,409,5657,2017-07-31,2018-02-07,0,0
289,21938,StickerCadetBlue37171,7.33,Sticker,CadetBlue,19203,322,3498,2017-05-13,2018-12-24,0,1
290,49022,LaptopBeige16130,97.2,Laptop,Beige,6605,194,9520,2017-05-04,2018-11-29,0,2
291,42677,StickerPapayaWhip53364,46.49,Sticker,PapayaWhip,13508,197,8477,2017-03-30,2018-08-08,0,1
292,45170,StickerGold51670,37.1,Sticker,Gold,43621,336,3221,2018-03-29,2018-04-28,1,9
293,46954,StickerPeru54066,13.32,Sticker,Peru,22641,297,491,2018-06-05,2018-11-08,0,1
294,54795,PhoneSpringGreen39717,56.9,Phone,SpringGreen,20805,290,6260,2018-04-10,2018-08-03,1,4
295,36743,BikeRosyBrown10957,60.43,Bike,RosyBrown,41640,491,9482,2017-07-21,2017-08-13,1,6
296,49017,ClotherLightPink51376,6.28,Clother,LightPink,17069,487,8162,2017-06-13,2018-09-22,1,7
297,17504,BikeHotPink16760,49.41,Bike,HotPink,38328,371,5287,2018-09-29,2018-10-27,1,7
298,58045,ClotherRosyBrown39299,64.83,Clother,RosyBrown,31842,40,9547,2018-08-16,2018-11-26,0,5
299,19958,BikeOrangeRed18509,38.71,Bike,OrangeRed,30151,356,3917,2018-03-02,2018-04-01,1,8
300,45672,MattressDarkGreen41146,85.35,Mattress,DarkGreen,43651,430,996,2017-11-10,2018-08-04,0,4
301,18853,MattressSienna26230,87.27,Mattress,Sienna,21353,350,5379,2018-07-20,2018-08-19,0,1
302,19186,StickerHoneyDew54710,82.99,Sticker,HoneyDew,1406,51,311,2017-03-08,2017-06-08,1,3
303,41841,StickerLightSeaGreen39009,3.33,Sticker,LightSeaGreen,41194,118,8768,2017-12-15,2018-07-12,1,2
304,52988,WatchPlum54161,13.64,Watch,Plum,5566,369,5770,2017-06-27,2017-07-27,0,1
305,24889,PhoneDarkSlateGray26782,28.85,Phone,DarkSlateGray,19014,82,1902,2018-09-14,2018-10-14,1,9
306,48682,JewelryLavenderBlush43161,32.47,Jewelry,LavenderBlush,11142,46,7806,2018-02-27,2018-03-29,0,2
307,12046,LampAzure5517,39.74,Lamp,Azure,27114,8,6321,2018-08-02,2018-09-01,0,6
308,42472,StickerDarkGray9164,27.4,Sticker,DarkGray,1069,173,1585,2018-02-05,2018-12-18,0,4
309,25824,LaptopYellow12347,20.26,Laptop,Yellow,13271,119,4902,2018-01-17,2018-03-08,0,3
310,19933,PhonePaleGreen23562,28.22,Phone,PaleGreen,44028,148,7933,2017-11-18,2018-03-06,0,3
311,49594,LaptopSalmon7097,10.54,Laptop,Salmon,24210,478,1567,2018-06-21,2018-07-21,0,0
312,48927,MattressMoccasin11235,23.4,Mattress,Moccasin,4288,298,9190,2018-09-26,2018-12-05,0,3
313,10181,LaptopBlueViolet7894,26.55,Laptop,BlueViolet,33910,77,3790,2018-06-10,2018-07-10,0,7
314,44806,StickerChocolate30485,56.88,Sticker,Chocolate,43423,251,5347,2017-02-04,2017-10-30,1,7
315,16191,StickerTomato39498,43.32,Sticker,Tomato,10674,380,83,2018-09-06,2018-10-06,0,9
316,54535,MattressSienna41829,15.55,Mattress,Sienna,18772,64,3526,2018-10-25,2018-11-24,1,1
317,39717,LaptopPaleGoldenRod14221,6.23,Laptop,PaleGoldenRod,48229,361,9347,2017-07-30,2017-09-11,0,6
318,12453,StickerTan40073,49.3,Sticker,Tan,46452,474,7725,2017-05-24,2017-06-23,1,9
319,33268,StickerGoldenRod34534,99.46,Sticker,GoldenRod,7509,484,6551,2018-12-21,2018-12-31,0,9
320,20922,WatchTan15704,56.21,Watch,Tan,9456,349,9934,2017-08-17,2017-09-16,1,3
321,27604,StickerMidnightBlue18164,66.95,Sticker,MidnightBlue,1954,309,9015,2017-04-11,2018-03-07,1,6
322,44860,WatchMediumPurple38322,47.7,Watch,MediumPurple,13257,469,7476,2018-07-23,2018-09-01,0,0
323,12375,StickerLightSkyBlue16020,29.33,Sticker,LightSkyBlue,30540,277,5868,2018-11-21,2018-12-21,1,1
324,46949,BikeNavy9153,64.34,Bike,Navy,29319,331,5552,2018-02-06,2018-03-08,0,7
325,23388,LampLightSteelBlue45550,0.01,Lamp,LightSteelBlue,14189,437,8791,2018-04-24,2018-05-24,0,4
326,44055,StickerBlue16111,23.98,Sticker,Blue,24362,261,2634,2017-09-18,2017-10-18,0,7
327,44224,BikeDarkGoldenRod35352,49.93,Bike,DarkGoldenRod,12536,193,3117,2018-03-27,2018-10-29,1,1
328,11770,MattressDarkGoldenRod26977,40.4,Mattress,DarkGoldenRod,8901,264,8036,2017-07-19,2017-10-30,0,2
329,19482,ClotherBlack29698,95.43,Clother,Black,24674,64,2780,2018-01-05,2018-09-08,1,2
330,32372,JewelryAntiqueWhite18790,30.53,Jewelry,AntiqueWhite,47886,335,1833,2018-06-24,2018-07-24,1,2
331,51552,BikeNavajoWhite41322,24.93,Bike,NavajoWhite,17164,483,9790,2017-03-05,2018-01-15,1,6
332,56017,LaptopIndianRed4366,11.7,Laptop,IndianRed,48146,246,9370,2018-12-23,2018-12-31,0,5
333,13969,StickerOrange44302,56.51,Sticker,Orange,5295,89,4371,2017-09-17,2017-11-02,0,2
334,40548,ClotherLinen35349,14.68,Clother,Linen,41472,350,4466,2018-11-15,2018-12-15,0,1
335,22748,ClotherLightSlateGray22165,25.8,Clother,LightSlateGray,33845,115,5446,2018-12-23,2018-12-31,0,3
336,13208,LampThistle14927,29.54,Lamp,Thistle,30596,274,1779,2017-07-03,2017-09-23,0,3
337,54094,BikeLightGreen25069,19.43,Bike,LightGreen,29114,184,8659,2018-02-19,2018-03-21,0,5
338,25687,JewelryOrangeRed16384,4.42,Jewelry,OrangeRed,38893,157,7481,2018-05-07,2018-05-21,0,5
339,22604,ClotherDarkSalmon18246,32.97,Clother,DarkSalmon,28923,441,4667,2017-10-12,2018-03-09,0,7
340,40172,WatchHotPink49993,18.36,Watch,HotPink,5238,497,9526,2017-04-04,2017-04-29,0,0
341,32073,PhoneBeige32764,56.15,Phone,Beige,28190,304,5490,2017-11-01,2018-11-16,1,6
342,13259,LampMoccasin22592,95.35,Lamp,Moccasin,8172,361,2348,2017-01-11,2018-10-07,0,2
343,35326,StickerPaleGreen12706,22.33,Sticker,PaleGreen,41259,80,827,2018-10-31,2018-11-30,0,8
344,47580,JewelryGhostWhite43936,28.84,Jewelry,GhostWhite,36943,399,5738,2017-06-02,2017-07-26,1,3
345,21572,ClotherDeepPink33195,47.7,Clother,DeepPink,5250,80,5402,2017-07-08,2017-08-07,1,8
346,40634,PhoneAliceBlue11298,91.18,Phone,AliceBlue,45601,102,8384,2017-09-29,2018-04-30,0,1
347,25319,MattressSeaGreen16432,35.95,Mattress,SeaGreen,11499,213,5626,2017-10-26,2017-11-25,1,5
348,54647,PhoneDarkSlateGray3972,61.92,Phone,DarkSlateGray,21248,222,6561,2018-07-13,2018-08-12,1,3
349,52544,ClotherDarkOliveGreen16102,65.85,Clother,DarkOliveGreen,17660,436,4574,2017-12-23,2018-01-22,0,8
350,35151,JewelrySpringGreen12356,87.97,Jewelry,SpringGreen,26929,48,6183,2018-02-23,2018-03-25,0,2
351,24931,BikeIndianRed44721,16.42,Bike,IndianRed,44169,89,7098,2017-07-19,2018-02-07,0,1
352,34553,LampSaddleBrown26528,11.0,Lamp,SaddleBrown,13754,321,2720,2018-12-21,2018-12-31,0,2
353,54413,JewelrySlateGray1223,15.2,Jewelry,SlateGray,31645,268,8936,2017-03-15,2018-07-30,1,4
354,25707,MattressMediumTurquoise2475,26.53,Mattress,MediumTurquoise,45348,85,6003,2017-07-31,2017-08-30,0,1
355,34278,MattressIvory51142,45.38,Mattress,Ivory,734,121,5572,2018-10-31,2018-11-30,0,6
356,49087,LaptopMistyRose21879,40.21,Laptop,MistyRose,26006,293,6779,2017-05-21,2018-09-21,1,1
357,22826,JewelryChocolate15394,55.98,Jewelry,Chocolate,28729,98,8438,2017-07-28,2018-02-23,0,5
358,40989,MattressMediumSeaGreen24103,9.31,Mattress,MediumSeaGreen,23861,314,9226,2018-05-04,2018-12-04,0,1
359,59021,BikeLightCyan34787,13.26,Bike,LightCyan,4415,21,9118,2018-06-30,2018-07-30,1,2
360,21138,BikeForestGreen45527,6.46,Bike,ForestGreen,47616,452,5151,2018-12-14,2018-12-31,1,4
361,58911,ClotherBrown38346,89.74,Clother,Brown,15490,124,2020,2017-08-22,2018-11-20,0,6
362,15273,LaptopPapayaWhip9818,56.77,Laptop,PapayaWhip,43106,370,7766,2018-12-29,2018-12-31,1,2
363,38281,JewelryBlueViolet1328,22.18,Jewelry,BlueViolet,42834,434,3199,2018-07-06,2018-08-05,0,2
364,46138,MattressSteelBlue42793,37.98,Mattress,SteelBlue,35288,281,4408,2018-12-16,2018-12-31,0,1
365,29116,JewelryLightSeaGreen35321,26.31,Jewelry,LightSeaGreen,32369,236,5493,2018-11-24,2018-12-24,0,6
366,47306,WatchSandyBrown52208,67.35,Watch,SandyBrown,41111,108,3915,2018-04-10,2018-09-04,0,3
367,49573,PhoneBlack7537,74.71,Phone,Black,29746,270,2739,2018-07-24,2018-08-23,0,3
368,49728,BikeWhite37234,82.13,Bike,White,47946,390,2894,2018-05-20,2018-06-19,1,7
369,21454,WatchMediumSeaGreen15436,2.53,Watch,MediumSeaGreen,29906,115,6632,2017-05-18,2018-10-14,1,7
370,51090,WatchBrown41187,37.25,Watch,Brown,16893,91,7560,2017-08-30,2017-09-29,1,3
371,51846,LampNavy47721,18.3,Lamp,Navy,31309,356,9455,2018-05-21,2018-07-29,0,9
372,34444,LampCyan28473,59.73,Lamp,Cyan,3417,116,9234,2018-03-29,2018-04-28,0,2
373,17812,BikePeru38705,96.7,Bike,Peru,12800,160,9562,2017-11-24,2017-12-24,1,9
374,25891,BikeWheat29157,98.73,Bike,Wheat,20109,193,6389,2017-03-20,2018-12-13,1,7
375,59146,BikeLightGreen34740,55.54,Bike,LightGreen,2803,259,9860,2017-05-24,2018-08-08,1,7
376,40618,ClotherMediumSpringGreen47737,48.28,Clother,MediumSpringGreen,46209,335,5601,2017-08-03,2017-09-02,0,4
377,15123,LampGhostWhite52590,32.58,Lamp,GhostWhite,20366,209,2761,2018-03-23,2018-04-22,1,1
378,59106,WatchMediumBlue40420,41.94,Watch,MediumBlue,16038,35,8331,2018-11-29,2018-12-29,0,5
379,12745,WatchBurlyWood38470,67.96,Watch,BurlyWood,18952,149,596,2017-03-16,2017-04-10,1,1
380,56212,JewelryLightBlue46325,6.75,Jewelry,LightBlue,1973,400,8133,2017-09-13,2017-10-13,1,8
381,21124,LampGreen10360,3.5,Lamp,Green,32040,72,2440,2018-04-26,2018-05-26,1,3
382,26295,JewelryTurquoise1561,90.65,Jewelry,Turquoise,12017,467,7736,2018-10-31,2018-12-13,1,4
383,47227,StickerPaleVioletRed21670,94.5,Sticker,PaleVioletRed,34558,128,2029,2018-01-01,2018-03-19,1,7
384,44954,MattressOrangeRed33447,33.19,Mattress,OrangeRed,2334,180,983,2017-03-18,2018-12-11,0,4
385,18669,LaptopRed47540,70.53,Laptop,Red,48429,356,6686,2017-12-19,2018-01-18,1,6
386,13264,JewelryMediumOrchid1547,5.3,Jewelry,MediumOrchid,34870,264,9959,2017-10-27,2018-09-13,1,1
387,22956,BikeGhostWhite45418,56.75,Bike,GhostWhite,38510,305,2236,2017-03-22,2017-09-06,0,3
388,15549,PhoneWhiteSmoke27282,15.96,Phone,WhiteSmoke,31513,47,1647,2017-03-23,2018-06-07,1,6
389,56092,MattressSlateBlue42823,8.27,Mattress,SlateBlue,1851,84,1919,2017-04-26,2018-03-01,1,0
390,57418,BikeCyan13062,23.83,Bike,Cyan,26288,14,2637,2017-08-31,2017-09-30,0,6
391,33107,ClotherLightSlateGray27081,13.62,Clother,LightSlateGray,24100,124,6981,2017-12-02,2018-01-01,0,9
392,10283,JewelryIndianRed10520,26.98,Jewelry,IndianRed,11959,331,3094,2018-10-03,2018-12-18,0,5
393,21237,LaptopSilver50399,44.87,Laptop,Silver,4260,398,6566,2018-12-12,2018-12-31,0,8
394,58874,PhoneMagenta52142,90.24,Phone,Magenta,38039,383,7032,2018-03-14,2018-04-13,0,6
395,57757,JewelryForestGreen22981,61.33,Jewelry,ForestGreen,46297,436,4827,2018-02-11,2018-08-30,0,6
396,40694,PhoneKhaki51410,31.89,Phone,Khaki,43628,94,6535,2018-11-06,2018-11-14,1,7
397,12417,BikeViolet12344,44.95,Bike,Violet,42951,221,5055,2017-09-27,2017-10-27,1,6
398,21102,StickerPaleTurquoise55201,89.52,Sticker,PaleTurquoise,46869,282,8245,2017-01-29,2017-12-17,1,1
399,22215,JewelryChocolate887,44.56,Jewelry,Chocolate,47376,41,1089,2018-02-26,2018-05-15,1,9
400,18740,StickerHoneyDew35559,51.37,Sticker,HoneyDew,41185,223,215,2018-05-29,2018-06-28,1,6
401,16955,ClotherRed512,92.67,Clother,Red,27485,254,5821,2018-08-16,2018-10-02,0,2
402,33124,MattressLightSteelBlue37281,3.9,Mattress,LightSteelBlue,35173,301,5901,2017-12-03,2018-01-02,0,1
403,20343,LaptopNavajoWhite53387,25.29,Laptop,NavajoWhite,29130,284,1276,2017-12-02,2018-01-01,0,8
404,17504,StickerMistyRose273,46.93,Sticker,MistyRose,20430,111,9779,2017-10-02,2018-10-17,0,2
405,22345,ClotherYellowGreen16173,71.31,Clother,YellowGreen,26940,460,2653,2017-08-27,2018-08-21,1,0
406,13725,ClotherSalmon16588,99.42,Clother,Salmon,43334,171,9691,2017-12-19,2018-01-18,1,8
407,47386,LaptopPeachPuff38669,4.75,Laptop,PeachPuff,2150,415,5851,2018-09-06,2018-10-06,0,2
408,52013,LampDodgerBlue51097,70.77,Lamp,DodgerBlue,40049,475,8185,2017-03-20,2018-09-23,1,5
409,11142,StickerIvory49179,5.6,Sticker,Ivory,4884,111,1439,2017-02-06,2017-10-17,1,8
410,31424,JewelryLightGreen34447,85.96,Jewelry,LightGreen,45107,145,8116,2017-08-01,2017-11-20,0,2
411,17401,MattressLinen47585,6.8,Mattress,Linen,6796,39,5547,2017-01-22,2017-02-09,0,2
412,29289,StickerFireBrick27633,90.95,Sticker,FireBrick,15247,487,912,2017-12-31,2018-01-30,1,4
413,54700,PhoneBlack45286,6.85,Phone,Black,49805,432,9548,2018-05-16,2018-06-15,1,9
414,16806,ClotherLightSteelBlue7149,80.54,Clother,LightSteelBlue,29544,158,2438,2017-04-04,2017-04-08,1,7
415,15290,LaptopSienna54892,60.64,Laptop,Sienna,46297,21,2585,2017-08-09,2018-04-29,0,8
416,46030,JewelrySilver42349,43.23,Jewelry,Silver,1503,240,6355,2017-08-14,2017-09-03,1,8
417,28392,LampDarkGray6188,64.2,Lamp,DarkGray,46553,302,4248,2017-11-25,2017-12-25,1,9
418,22480,WatchBlanchedAlmond38030,23.64,Watch,BlanchedAlmond,35083,435,3496,2017-03-23,2017-06-09,1,6
419,53093,BikeGold22197,15.67,Bike,Gold,24581,3,7390,2017-05-22,2018-10-21,1,3
420,46846,PhoneCornflowerBlue11765,32.51,Phone,CornflowerBlue,29787,82,4788,2017-06-04,2017-07-04,1,6
421,17672,JewelryLawnGreen29609,99.52,Jewelry,LawnGreen,28725,130,1532,2017-06-27,2017-07-27,1,6
422,47170,MattressBlueViolet32029,50.26,Mattress,BlueViolet,897,68,8612,2018-05-07,2018-06-06,1,5
423,11168,WatchLightSteelBlue47646,28.84,Watch,LightSteelBlue,4634,260,9210,2018-12-29,2018-12-31,0,2
424,13063,JewelryDarkSlateBlue40310,43.66,Jewelry,DarkSlateBlue,4046,308,1165,2018-08-08,2018-09-07,1,8
425,46489,LaptopFuchsia47712,44.5,Laptop,Fuchsia,37258,336,8839,2018-12-06,2018-12-31,1,2
426,25363,JewelryYellow30506,46.91,Jewelry,Yellow,34135,310,1824,2017-11-21,2018-03-25,1,1
427,27468,JewelryPaleGreen47302,4.79,Jewelry,PaleGreen,813,281,9089,2017-03-12,2018-05-26,1,8
428,14783,ClotherAliceBlue39254,80.19,Clother,AliceBlue,3671,122,8627,2017-09-02,2018-03-22,1,1
429,52887,LampSalmon5903,85.97,Lamp,Salmon,36812,324,9706,2017-08-24,2017-09-23,0,7
430,21114,BikeOlive4001,58.6,Bike,Olive,46757,398,1541,2017-10-03,2017-10-04,1,9
431,58526,JewelryPink33491,16.42,Jewelry,Pink,13002,270,2932,2017-07-03,2018-08-22,0,1
432,15587,StickerBlanchedAlmond10828,0.29,Sticker,BlanchedAlmond,35160,29,9132,2017-08-27,2018-05-11,1,0
433,48377,StickerFuchsia41182,31.19,Sticker,Fuchsia,47896,142,3541,2017-09-27,2018-07-14,0,1
434,39387,LaptopLightGreen55681,85.9,Laptop,LightGreen,28893,385,4410,2017-02-10,2018-08-22,0,2
435,48338,LaptopAntiqueWhite37900,22.4,Laptop,AntiqueWhite,1325,243,7862,2018-02-03,2018-10-28,1,9
436,57584,LampPapayaWhip35249,54.18,Lamp,PapayaWhip,42476,365,3331,2018-10-24,2018-11-23,0,2
437,39898,BikeDarkTurquoise40444,7.32,Bike,DarkTurquoise,9355,50,8653,2018-11-23,2018-12-23,0,0
438,11552,BikeGreen18665,86.45,Bike,Green,24472,122,1037,2018-02-07,2018-03-09,0,1
439,39486,BikeLightSlateGray14756,94.23,Bike,LightSlateGray,43147,58,347,2018-09-07,2018-10-07,0,0
440,47862,BikeLightGoldenRodYellow22639,1.45,Bike,LightGoldenRodYellow,22197,388,4716,2017-09-20,2018-03-18,1,3
441,35260,MattressDarkGray6521,75.54,Mattress,DarkGray,46881,300,6008,2017-05-13,2017-12-30,1,8
442,23851,PhoneMediumAquaMarine10402,89.37,Phone,MediumAquaMarine,37323,416,9374,2018-06-17,2018-07-17,1,4
443,19317,LaptopChartreuse27237,46.59,Laptop,Chartreuse,36566,220,9429,2017-12-11,2018-07-05,0,2
444,54749,PhoneGoldenRod2581,69.14,Phone,GoldenRod,21556,225,4769,2017-10-07,2017-10-29,1,0
445,46715,LampLightPink32166,80.57,Lamp,LightPink,23834,447,3200,2018-04-09,2018-05-09,1,6
446,10834,BikeMediumBlue54110,98.8,Bike,MediumBlue,41455,385,43,2018-07-14,2018-08-13,1,0
447,53491,PhoneCornsilk14172,51.0,Phone,Cornsilk,15121,325,7530,2017-05-11,2017-07-30,1,1
448,33680,WatchCoral56791,10.56,Watch,Coral,19822,465,2524,2017-01-15,2017-05-29,1,2
449,26870,MattressLimeGreen24758,31.76,Mattress,LimeGreen,12007,323,7349,2017-08-13,2017-09-12,1,1
450,29991,ClotherMagenta27241,47.27,Clother,Magenta,41492,27,2527,2018-03-16,2018-04-15,0,9
451,59178,JewelryRoyalBlue39641,88.61,Jewelry,RoyalBlue,22109,300,9088,2017-05-12,2018-12-29,0,0
452,17911,LampGoldenRod36094,52.74,Lamp,GoldenRod,43907,33,6411,2017-01-16,2017-09-11,0,2
453,37962,LampCoral28883,3.39,Lamp,Coral,4333,356,3790,2017-02-03,2017-05-16,1,0
454,12864,ClotherBlue13869,13.91,Clother,Blue,47080,434,9294,2017-05-20,2018-10-08,0,8
455,23783,MattressMintCream34153,61.81,Mattress,MintCream,35899,202,7457,2017-01-10,2018-05-11,0,8
456,22327,PhoneLightSalmon14514,98.99,Phone,LightSalmon,10802,231,4087,2018-02-17,2018-03-19,1,9
457,34133,StickerDodgerBlue47613,44.83,Sticker,DodgerBlue,32912,330,4148,2018-06-03,2018-07-03,1,4
458,50915,MattressNavy29854,67.3,Mattress,Navy,17193,345,9639,2018-07-22,2018-08-21,0,1
459,14297,JewelryGoldenRod11105,51.13,Jewelry,GoldenRod,48665,225,4851,2018-09-30,2018-10-30,1,4
460,50338,LampChocolate34544,66.2,Lamp,Chocolate,20532,195,6090,2017-02-08,2018-08-11,0,8
461,27672,MattressLightCyan56340,54.2,Mattress,LightCyan,20474,134,1980,2018-06-04,2018-07-04,1,6
462,21544,LaptopYellowGreen24193,72.66,Laptop,YellowGreen,9369,27,6573,2017-06-24,2018-12-06,0,1
463,54155,WatchDarkOliveGreen4412,57.15,Watch,DarkOliveGreen,38107,180,312,2017-02-26,2018-11-16,0,6
464,59375,MattressCyan32918,99.58,Mattress,Cyan,48592,344,5296,2017-09-24,2018-08-02,0,3
465,28672,LaptopDarkViolet51672,18.24,Laptop,DarkViolet,17912,388,794,2018-05-04,2018-06-03,1,2
466,25678,StickerGainsboro31629,57.33,Sticker,Gainsboro,31928,69,6690,2017-07-30,2017-08-09,1,8
467,46143,WatchMediumOrchid11256,74.72,Watch,MediumOrchid,38531,243,7005,2018-10-11,2018-11-10,0,4
468,11126,WatchLightGoldenRodYellow23250,0.2,Watch,LightGoldenRodYellow,3089,487,9339,2017-09-08,2018-12-18,1,2
469,50040,JewelryDarkTurquoise19029,36.38,Jewelry,DarkTurquoise,44087,295,7588,2018-05-24,2018-06-23,1,5
470,47982,JewelryBlueViolet45414,1.96,Jewelry,BlueViolet,4103,116,1619,2017-01-12,2017-12-07,0,1
471,20132,LaptopPlum50399,37.8,Laptop,Plum,20350,396,5648,2018-07-05,2018-08-04,0,5
472,36959,MattressBlanchedAlmond44134,10.22,Mattress,BlanchedAlmond,15375,388,9811,2018-10-26,2018-11-25,1,5
473,29013,JewelryMediumSpringGreen31460,26.19,Jewelry,MediumSpringGreen,28229,127,8409,2018-10-30,2018-11-29,0,4
474,38885,BikeLightCoral47210,64.17,Bike,LightCoral,16012,229,885,2017-07-31,2017-08-30,1,4
475,28471,MattressMediumAquaMarine53110,7.61,Mattress,MediumAquaMarine,31150,114,2787,2018-11-08,2018-12-08,1,5
476,36028,LampOrchid4095,22.54,Lamp,Orchid,25534,405,4866,2018-05-05,2018-06-04,1,4
477,14133,StickerRoyalBlue8768,65.88,Sticker,RoyalBlue,22509,474,7464,2017-09-13,2018-01-03,0,5
478,30925,LampChocolate31016,68.58,Lamp,Chocolate,44208,383,3390,2018-09-05,2018-10-05,0,1
479,35439,MattressLightGray46135,81.43,Mattress,LightGray,25190,96,2521,2017-06-05,2018-02-26,0,0
480,26909,PhoneTurquoise27301,17.6,Phone,Turquoise,6499,340,53,2018-05-19,2018-06-18,1,8
481,24410,WatchDarkOliveGreen31221,88.43,Watch,DarkOliveGreen,19514,260,5434,2017-10-06,2018-06-06,0,4
482,34565,WatchSienna27491,3.18,Watch,Sienna,32033,315,9818,2017-05-28,2017-08-07,0,5
483,55081,MattressCrimson14980,84.1,Mattress,Crimson,48121,206,8577,2018-06-06,2018-12-02,1,6
484,51134,ClotherSienna487,95.42,Clother,Sienna,26809,243,3201,2017-01-25,2018-11-01,0,4
485,25093,MattressCoral49913,11.86,Mattress,Coral,13233,47,7312,2018-03-12,2018-04-11,1,1
486,51513,WatchDarkMagenta42369,34.47,Watch,DarkMagenta,32051,169,8351,2018-01-23,2018-02-22,1,4
487,23061,StickerOrchid11055,25.15,Sticker,Orchid,21239,443,2701,2017-02-03,2017-03-20,0,3
488,58325,JewelryWheat55424,14.86,Jewelry,Wheat,9079,380,6401,2018-06-17,2018-07-17,1,9
489,42506,PhonePaleVioletRed48804,77.22,Phone,PaleVioletRed,8804,105,5096,2018-11-01,2018-12-01,0,0
490,25724,JewelryOrchid43066,45.48,Jewelry,Orchid,467,470,8168,2018-06-27,2018-07-27,1,2
491,28468,MattressLightCoral17190,39.97,Mattress,LightCoral,12596,128,5972,2018-06-25,2018-07-25,1,6
492,28748,PhoneSlateGray23770,18.18,Phone,SlateGray,16546,274,5006,2018-11-10,2018-12-10,0,4
493,21561,ClotherLawnGreen12462,2.3,Clother,LawnGreen,10091,39,2747,2017-02-14,2018-07-23,1,8
494,52414,MattressCrimson5482,81.62,Mattress,Crimson,18396,430,6138,2017-11-14,2018-07-24,0,5
495,42221,MattressDarkSeaGreen24305,51.83,Mattress,DarkSeaGreen,23069,94,538,2017-02-22,2018-02-01,0,9
496,43544,MattressBeige35368,53.88,Mattress,Beige,46055,120,5459,2017-03-26,2018-08-19,1,7
497,41146,StickerSeaGreen50859,4.61,Sticker,SeaGreen,13133,470,1915,2018-08-07,2018-09-06,1,1
498,59848,ClotherPaleTurquoise7066,1.94,Clother,PaleTurquoise,22774,103,4326,2018-10-18,2018-11-17,0,5
499,32108,LampBlanchedAlmond22800,83.66,Lamp,BlanchedAlmond,23709,144,3063,2018-08-08,2018-09-07,0,9
500,30401,LaptopAzure22485,80.93,Laptop,Azure,28642,384,5502,2018-09-07,2018-11-22,0,9
501,42277,WatchGreenYellow38609,72.37,Watch,GreenYellow,6257,207,4372,2017-03-30,2017-05-13,0,0
502,42504,JewelryMediumOrchid16607,72.96,Jewelry,MediumOrchid,42512,288,3717,2018-12-08,2018-12-31,0,8
503,43387,ClotherLimeGreen29703,78.67,Clother,LimeGreen,42726,198,6014,2018-02-28,2018-03-30,1,6
504,18155,LaptopGray44841,96.54,Laptop,Gray,19550,238,8181,2018-12-12,2018-12-31,1,8
505,34424,BikePink24523,80.36,Bike,Pink,20591,387,3486,2018-04-11,2018-05-11,0,9
506,54608,WatchSandyBrown628,95.52,Watch,SandyBrown,40577,77,4939,2018-09-17,2018-10-17,1,0
507,37768,MattressCornflowerBlue2186,80.17,Mattress,CornflowerBlue,8786,470,3819,2018-07-31,2018-08-30,1,1
508,39814,BikeAntiqueWhite36618,53.87,Bike,AntiqueWhite,46297,303,7340,2018-09-11,2018-10-11,1,9
509,11989,BikeSienna3450,89.9,Bike,Sienna,38053,44,7245,2017-10-12,2018-08-05,0,7
510,57101,PhoneMagenta46783,23.29,Phone,Magenta,8962,157,4547,2018-07-14,2018-08-13,0,3
511,50863,MattressTurquoise35626,73.68,Mattress,Turquoise,33023,63,5715,2017-08-16,2018-07-24,0,7
512,48601,JewelryDarkOliveGreen13766,60.53,Jewelry,DarkOliveGreen,4975,294,6153,2017-11-28,2017-12-28,0,7
513,18083,WatchMistyRose1177,93.99,Watch,MistyRose,30350,480,8113,2018-03-06,2018-04-28,0,8
514,21980,StickerOliveDrab28868,15.72,Sticker,OliveDrab,22375,336,626,2018-11-23,2018-12-23,0,1
515,59851,PhoneDarkSalmon9061,7.55,Phone,DarkSalmon,34318,50,1112,2017-08-02,2018-12-01,0,3
516,28894,LaptopHotPink4543,88.64,Laptop,HotPink,42691,183,5340,2017-01-18,2018-10-24,0,0
517,22512,PhoneSienna43087,9.32,Phone,Sienna,35293,238,8222,2018-07-12,2018-08-20,0,0
518,55086,LaptopLavenderBlush35357,16.66,Laptop,LavenderBlush,24910,37,3744,2017-02-27,2018-06-27,1,0
519,57953,LampSlateBlue3180,59.34,Lamp,SlateBlue,4103,130,9982,2018-10-01,2018-10-31,0,3
520,41203,ClotherGreenYellow38166,11.53,Clother,GreenYellow,46732,313,53,2017-06-03,2018-08-21,0,3
521,32054,MattressMediumBlue8740,59.16,Mattress,MediumBlue,38746,292,6752,2017-09-08,2018-06-26,1,9
522,19264,PhoneSkyBlue48455,53.89,Phone,SkyBlue,39931,490,8519,2018-02-03,2018-03-05,0,2
523,29883,WatchDarkGreen56572,66.51,Watch,DarkGreen,6669,293,2131,2018-07-22,2018-09-13,1,9
524,47155,BikeOrchid43463,36.31,Bike,Orchid,27674,24,2884,2017-03-28,2018-10-01,1,5
525,51422,StickerDarkOliveGreen19878,26.56,Sticker,DarkOliveGreen,42958,221,2503,2018-12-27,2018-12-31,0,7
526,19586,LampCadetBlue7039,3.1,Lamp,CadetBlue,4346,111,9698,2018-05-06,2018-12-15,0,9
527,40194,PhonePeachPuff31295,49.58,Phone,PeachPuff,43413,466,8358,2018-01-11,2018-02-10,0,9
528,15489,LaptopPlum4953,17.15,Laptop,Plum,21176,332,8068,2018-09-21,2018-10-21,1,2
529,35658,StickerTan10067,28.56,Sticker,Tan,5765,11,1022,2017-07-15,2018-09-07,0,8
530,30694,LaptopBlueViolet17691,72.82,Laptop,BlueViolet,48432,184,7655,2018-07-25,2018-08-24,1,0
531,56854,LampMediumVioletRed6620,25.42,Lamp,MediumVioletRed,2222,431,2155,2017-07-27,2018-01-27,1,6
532,12301,MattressAliceBlue10567,25.57,Mattress,AliceBlue,11379,73,3016,2017-05-10,2017-06-09,0,9
533,51320,ClotherRoyalBlue36470,33.7,Clother,RoyalBlue,38036,74,6498,2017-01-08,2018-12-15,1,3
534,57975,PhoneRoyalBlue21596,93.39,Phone,RoyalBlue,17224,92,9259,2018-06-27,2018-07-27,0,8
535,17686,WatchPowderBlue42695,48.97,Watch,PowderBlue,40057,428,8818,2018-08-29,2018-09-28,0,4
536,41803,ClotherSienna45275,90.36,Clother,Sienna,39896,317,6171,2018-07-17,2018-08-16,1,5
537,29968,BikePeachPuff44822,81.78,Bike,PeachPuff,41372,19,5037,2018-09-25,2018-11-06,0,5
538,17508,JewelryLightSteelBlue39652,0.24,Jewelry,LightSteelBlue,29074,454,570,2017-05-25,2017-07-08,0,9
539,47629,WatchDarkGoldenRod56250,73.77,Watch,DarkGoldenRod,30213,430,1115,2017-04-16,2018-07-23,0,0
540,16988,MattressMidnightBlue7684,58.89,Mattress,MidnightBlue,20457,105,4453,2017-11-08,2017-11-29,1,1
541,46914,PhoneForestGreen27098,10.96,Phone,ForestGreen,2524,371,6820,2018-04-03,2018-06-23,0,1
542,45021,JewelryMediumSpringGreen19742,72.1,Jewelry,MediumSpringGreen,9146,386,7173,2017-04-16,2017-05-14,0,3
543,27946,MattressDarkOrange3622,85.77,Mattress,DarkOrange,17200,197,3620,2018-03-29,2018-04-28,1,7
544,23281,PhonePaleVioletRed3126,66.96,Phone,PaleVioletRed,28962,434,6433,2017-08-01,2017-08-31,0,2
545,36880,PhoneBrown2737,1.27,Phone,Brown,10369,149,2996,2017-02-07,2018-09-07,1,6
546,44444,LaptopMediumOrchid50611,33.62,Laptop,MediumOrchid,27282,479,4847,2017-08-18,2017-09-17,1,2
547,13081,LampDarkKhaki17853,85.64,Lamp,DarkKhaki,2676,292,1424,2018-12-04,2018-12-31,1,0
548,47797,LampOlive33752,84.94,Lamp,Olive,34758,266,1494,2017-02-09,2018-08-21,1,4
549,43912,JewelryFuchsia21354,48.43,Jewelry,Fuchsia,12762,76,3173,2018-03-24,2018-04-23,0,0
550,25184,PhoneTomato45452,97.7,Phone,Tomato,49422,436,1951,2018-10-04,2018-10-15,1,7
551,35319,LampChocolate21518,90.9,Lamp,Chocolate,45026,264,8648,2018-03-22,2018-04-21,0,4
552,25722,MattressAqua24112,44.75,Mattress,Aqua,25400,290,3746,2017-09-10,2018-01-23,0,4
553,45855,BikeLightSteelBlue12548,22.52,Bike,LightSteelBlue,43595,337,5897,2018-03-26,2018-05-07,1,3
554,40985,ClotherLightBlue49761,62.87,Clother,LightBlue,10427,467,5055,2018-03-13,2018-04-12,0,6
555,53054,LampHoneyDew37250,22.37,Lamp,HoneyDew,43797,124,4449,2017-04-25,2017-05-11,0,8
556,55897,LampDeepPink18412,97.2,Lamp,DeepPink,31500,497,847,2018-11-27,2018-12-27,1,0
557,17809,JewelryNavajoWhite12989,39.54,Jewelry,NavajoWhite,45111,356,5111,2017-07-18,2017-08-01,1,8
558,35199,WatchDarkGray46199,8.72,Watch,DarkGray,26577,485,2719,2018-04-01,2018-08-29,1,8
559,41470,ClotherGreen28598,28.47,Clother,Green,17966,248,2889,2018-05-24,2018-06-23,0,4
560,34136,BikeMistyRose50294,17.54,Bike,MistyRose,9343,321,6173,2017-12-31,2018-10-18,1,6
561,24907,ClotherPaleGreen3711,89.78,Clother,PaleGreen,49296,397,7073,2018-08-23,2018-09-22,0,1
562,40752,MattressDarkSeaGreen50691,8.41,Mattress,DarkSeaGreen,1951,168,7254,2017-04-14,2018-03-05,0,7
563,54452,WatchRoyalBlue4375,30.59,Watch,RoyalBlue,15703,352,3435,2018-03-21,2018-04-20,1,2
564,43654,StickerDeepSkyBlue56354,52.39,Sticker,DeepSkyBlue,20432,436,1319,2017-01-27,2017-04-27,1,0
565,49256,PhoneLime3147,7.43,Phone,Lime,8110,91,3250,2018-06-22,2018-07-22,0,1
566,20805,PhoneRoyalBlue28592,31.44,Phone,RoyalBlue,43063,254,6524,2018-05-25,2018-06-24,0,3
567,43685,LampMoccasin11673,84.55,Lamp,Moccasin,41026,437,7349,2017-06-11,2017-07-11,0,4
568,29411,LampTan16551,48.8,Lamp,Tan,9500,325,6693,2017-11-18,2017-12-18,0,8
569,51856,JewelryFloralWhite2580,12.63,Jewelry,FloralWhite,32223,277,466,2018-06-16,2018-07-16,0,3
570,55946,MattressChartreuse15796,38.29,Mattress,Chartreuse,3433,283,8760,2017-08-20,2018-07-17,0,1
571,26313,BikeGhostWhite40275,34.37,Bike,GhostWhite,43663,148,5541,2017-10-05,2018-02-01,1,6
572,10558,BikeDarkGray51310,91.28,Bike,DarkGray,35966,1,4298,2017-06-21,2018-08-15,0,8
573,37009,BikeFireBrick37873,66.56,Bike,FireBrick,35052,151,7792,2018-08-31,2018-09-30,0,2
574,55003,MattressSkyBlue41074,9.15,Mattress,SkyBlue,8140,99,7448,2017-10-01,2018-05-31,1,9
575,31015,LaptopDarkOrchid48307,27.87,Laptop,DarkOrchid,5836,442,6034,2017-07-23,2018-03-19,0,8
576,31165,StickerSienna3930,43.58,Sticker,Sienna,35218,13,958,2018-07-31,2018-08-30,1,6
577,54514,LaptopSlateGray11169,83.26,Laptop,SlateGray,6078,35,634,2018-12-28,2018-12-31,1,0
578,26494,JewelryBlueViolet26846,76.5,Jewelry,BlueViolet,34916,466,3355,2017-04-12,2018-11-17,1,6
579,59584,PhoneLimeGreen27394,44.18,Phone,LimeGreen,25614,143,7595,2017-11-01,2017-12-01,1,2
580,40681,PhonePlum41171,32.91,Phone,Plum,47952,272,3551,2018-10-11,2018-12-17,1,8
581,44573,BikeFireBrick37184,52.48,Bike,FireBrick,7558,367,3844,2018-07-04,2018-08-03,1,2
582,22468,LaptopTomato42696,26.84,Laptop,Tomato,34574,143,5148,2017-06-26,2017-08-14,0,6
583,48642,ClotherTan39573,80.58,Clother,Tan,34918,266,3,2018-04-13,2018-06-27,1,5
584,28120,WatchDarkRed1679,13.5,Watch,DarkRed,29410,122,7897,2017-12-25,2018-04-12,1,9
585,38032,LaptopDarkKhaki40672,54.27,Laptop,DarkKhaki,25407,478,5471,2018-09-18,2018-10-18,1,7
586,11015,LampSilver14307,1.16,Lamp,Silver,14013,236,6917,2017-02-12,2017-03-14,0,2
587,33035,ClotherPink24682,50.67,Clother,Pink,35679,167,6605,2017-05-27,2018-02-13,1,6
588,56678,LampOrangeRed39634,98.84,Lamp,OrangeRed,24838,487,2939,2018-03-10,2018-09-26,1,3
589,58254,StickerLightCyan15811,30.2,Sticker,LightCyan,28174,226,966,2018-09-22,2018-10-10,0,3
590,28931,StickerChocolate11605,38.71,Sticker,Chocolate,17020,309,2284,2018-07-08,2018-08-07,1,3
591,26005,PhoneDarkOrchid21248,8.44,Phone,DarkOrchid,31818,182,7619,2017-10-12,2018-04-30,1,6
592,50464,PhoneBeige36683,38.55,Phone,Beige,8313,173,7203,2018-03-24,2018-04-23,0,0
593,13453,PhoneLightSalmon1567,91.35,Phone,LightSalmon,27286,460,3616,2017-03-05,2017-06-24,1,8
594,32646,PhoneSpringGreen42303,65.9,Phone,SpringGreen,14747,199,600,2018-08-29,2018-09-28,1,5
595,18391,ClotherSkyBlue50072,50.63,Clother,SkyBlue,45240,46,1475,2018-04-01,2018-05-01,0,7
596,32771,JewelryLightSkyBlue35372,44.2,Jewelry,LightSkyBlue,20562,102,7320,2017-09-26,2018-10-14,0,4
597,44993,BikeDarkOrchid56241,42.37,Bike,DarkOrchid,13770,483,3903,2017-07-16,2017-08-15,0,6
598,44559,LaptopLinen37579,45.54,Laptop,Linen,1415,119,2892,2017-02-20,2018-02-21,1,7
599,21911,BikeBlack531,68.0,Bike,Black,14970,123,5246,2018-07-04,2018-08-03,1,6
600,41065,LaptopTurquoise9416,56.89,Laptop,Turquoise,18077,296,6641,2017-04-11,2018-05-17,0,6
601,25310,StickerThistle13406,56.28,Sticker,Thistle,26511,61,9585,2017-06-14,2018-10-10,0,0
602,50879,LampDarkTurquoise30,16.35,Lamp,DarkTurquoise,1940,125,3364,2017-09-04,2017-10-04,0,8
603,53100,WatchDarkRed13859,26.31,Watch,DarkRed,46355,244,5625,2017-05-24,2017-08-10,1,8
604,12700,LampLightSteelBlue29398,14.1,Lamp,LightSteelBlue,23589,301,6396,2017-10-08,2018-04-28,1,0
605,30685,WatchAquamarine38063,54.14,Watch,Aquamarine,45741,234,348,2018-12-20,2018-12-31,1,6
606,46971,LaptopDeepPink26255,59.6,Laptop,DeepPink,11285,57,3273,2018-05-12,2018-06-09,0,3
607,38977,BikeThistle12530,45.16,Bike,Thistle,19082,164,3623,2018-04-06,2018-05-06,1,4
608,11943,LaptopMagenta34050,66.41,Laptop,Magenta,13808,392,3885,2018-07-19,2018-07-23,1,9
609,57485,BikePaleTurquoise51542,71.24,Bike,PaleTurquoise,15241,236,4544,2018-02-26,2018-03-28,0,9
610,29589,JewelryDodgerBlue6258,1.38,Jewelry,DodgerBlue,17153,155,3871,2018-10-28,2018-11-27,1,0
611,43408,LaptopMediumSeaGreen18718,90.7,Laptop,MediumSeaGreen,6313,474,1637,2018-11-24,2018-12-24,1,9
612,21763,LaptopAquamarine22767,42.79,Laptop,Aquamarine,4194,306,7501,2017-07-21,2017-10-07,1,9
613,41727,LaptopLime46276,14.14,Laptop,Lime,8158,206,3020,2017-07-30,2018-11-05,0,6
614,48961,MattressDarkGreen55189,41.62,Mattress,DarkGreen,25055,206,9138,2018-04-20,2018-05-20,1,5
615,28980,ClotherWheat19964,69.72,Clother,Wheat,20863,42,8909,2018-09-26,2018-10-26,0,5
616,51679,ClotherDarkGreen20891,62.81,Clother,DarkGreen,30392,190,7994,2017-08-19,2017-09-18,0,5
617,49493,ClotherCyan1041,41.67,Clother,Cyan,19052,112,4564,2017-01-14,2017-07-04,0,4
618,58796,JewelryMediumOrchid43663,31.43,Jewelry,MediumOrchid,34953,2,6760,2017-01-27,2018-01-10,1,4
619,10579,MattressOrchid1499,72.65,Mattress,Orchid,34208,295,2464,2017-10-14,2018-05-16,0,9
620,49230,PhoneHotPink56090,61.88,Phone,HotPink,48310,314,7112,2018-11-07,2018-12-07,0,7
621,23535,LampBlue18060,10.5,Lamp,Blue,41977,351,7763,2018-11-12,2018-12-12,1,7
622,17672,StickerLinen20783,80.39,Sticker,Linen,46305,51,3867,2017-07-25,2017-08-24,1,1
623,11472,LampCadetBlue46021,20.76,Lamp,CadetBlue,45818,251,6658,2017-06-26,2017-08-16,1,1
624,48529,ClotherOrchid48337,76.64,Clother,Orchid,23713,84,623,2018-07-20,2018-11-23,1,0
625,39398,JewelrySeaGreen50901,43.37,Jewelry,SeaGreen,41037,211,9862,2018-08-08,2018-11-20,1,8
626,20584,PhoneIvory51889,16.94,Phone,Ivory,48768,387,6411,2017-08-25,2018-07-31,0,4
627,23367,JewelryIvory47671,58.6,Jewelry,Ivory,34714,244,7689,2017-10-27,2017-11-26,1,0
628,38511,BikeHoneyDew52946,73.13,Bike,HoneyDew,29494,236,5588,2018-02-07,2018-09-05,0,2
629,15584,LaptopPaleGreen14815,30.38,Laptop,PaleGreen,4893,11,6852,2017-06-28,2018-07-13,0,9
630,58889,BikeSandyBrown30214,82.14,Bike,SandyBrown,29743,247,1689,2017-01-30,2017-10-16,0,9
631,35337,WatchPaleGoldenRod19846,77.76,Watch,PaleGoldenRod,11866,140,3851,2017-01-08,2017-06-18,1,5
632,11556,PhoneMediumSpringGreen34188,47.26,Phone,MediumSpringGreen,32442,14,2376,2017-07-22,2017-08-21,1,6
633,29446,MattressDarkOliveGreen33679,17.76,Mattress,DarkOliveGreen,15188,36,2862,2018-08-05,2018-09-04,0,4
634,22967,PhoneLimeGreen53182,11.34,Phone,LimeGreen,3533,50,6725,2017-10-03,2017-12-25,1,8
635,35830,StickerPowderBlue6254,79.57,Sticker,PowderBlue,4994,209,2434,2018-12-08,2018-12-31,1,2
636,55641,LaptopChocolate29853,14.23,Laptop,Chocolate,48459,197,4596,2018-05-20,2018-12-09,0,4
637,34804,WatchSaddleBrown5490,99.93,Watch,SaddleBrown,19112,98,1344,2018-03-21,2018-04-20,0,8
638,39407,MattressRed1369,91.34,Mattress,Red,32570,82,3379,2018-05-15,2018-06-14,0,6
639,41373,LaptopDarkGreen27445,29.1,Laptop,DarkGreen,13438,49,2818,2018-06-17,2018-07-17,1,5
640,14725,StickerGhostWhite23235,83.64,Sticker,GhostWhite,44661,146,4245,2017-02-27,2018-07-28,0,6
641,50701,JewelryDarkSeaGreen39717,35.46,Jewelry,DarkSeaGreen,16509,419,1370,2018-04-18,2018-09-04,0,2
642,32799,LampMediumBlue18675,46.3,Lamp,MediumBlue,38310,362,3061,2018-12-23,2018-12-31,0,7
643,31527,PhoneLightGreen41578,15.13,Phone,LightGreen,41054,41,2712,2018-11-17,2018-12-17,1,9
644,11664,LampGhostWhite48328,76.45,Lamp,GhostWhite,29805,56,7146,2018-01-19,2018-02-18,0,9
645,47904,LampOrange43516,46.65,Lamp,Orange,16754,287,4801,2017-06-06,2018-06-12,0,4
646,43366,WatchSienna18856,75.41,Watch,Sienna,24765,42,6184,2017-12-13,2018-01-12,1,3
647,33197,BikeLavenderBlush4542,88.97,Bike,LavenderBlush,15327,62,1645,2018-02-25,2018-12-07,1,0
648,39943,LampGold53597,69.77,Lamp,Gold,17112,306,3128,2017-07-18,2018-07-01,1,4
649,38503,ClotherLightSeaGreen18007,84.94,Clother,LightSeaGreen,13443,499,9227,2017-06-23,2017-07-23,0,2
650,46626,WatchGreenYellow25897,73.43,Watch,GreenYellow,23582,44,143,2018-06-02,2018-07-02,0,6
651,49434,BikeNavy45779,40.1,Bike,Navy,29992,2,4720,2017-04-21,2018-04-04,0,6
652,30339,WatchLemonChiffon41353,59.6,Watch,LemonChiffon,22991,100,9673,2018-10-15,2018-11-14,0,4
653,36913,LampPlum22196,58.13,Lamp,Plum,32991,223,2226,2018-03-25,2018-04-24,0,4
654,15598,ClotherWhiteSmoke43777,21.63,Clother,WhiteSmoke,27450,343,4473,2018-07-10,2018-08-09,1,3
655,42126,ClotherIndigo3094,80.65,Clother,Indigo,3203,146,2675,2017-09-04,2018-09-27,1,8
656,44350,LampThistle12482,87.1,Lamp,Thistle,11520,231,6753,2018-12-09,2018-12-31,0,3
657,43647,BikeIndigo41650,73.29,Bike,Indigo,851,296,2241,2017-04-01,2018-10-11,1,7
658,24821,JewelryRoyalBlue43496,41.53,Jewelry,RoyalBlue,48456,271,6730,2017-05-27,2017-12-29,1,0
659,45060,PhoneSlateBlue27240,66.93,Phone,SlateBlue,15236,487,828,2018-01-23,2018-08-26,0,4
660,15404,PhoneDeepPink48621,33.54,Phone,DeepPink,19104,345,4435,2017-11-20,2018-02-12,0,0
661,11572,BikeDimGray25630,83.68,Bike,DimGray,45870,187,343,2017-10-29,2017-11-28,0,0
662,55111,ClotherDeepPink35918,97.98,Clother,DeepPink,8755,362,3849,2018-08-21,2018-10-13,0,5
663,38588,JewelryDarkMagenta14680,0.68,Jewelry,DarkMagenta,40399,48,7420,2018-08-17,2018-09-06,1,9
664,26459,LampCadetBlue3993,3.85,Lamp,CadetBlue,7925,264,316,2017-02-04,2017-09-22,0,4
665,39375,StickerMediumBlue46545,52.28,Sticker,MediumBlue,46716,175,1181,2018-06-03,2018-07-03,1,2
666,39067,LampCornsilk33398,87.99,Lamp,Cornsilk,29263,401,1163,2017-12-16,2018-01-15,1,1
667,52434,WatchPaleGreen8729,70.86,Watch,PaleGreen,21395,50,8710,2018-01-26,2018-04-16,0,3
668,58703,LaptopSlateGray24736,38.96,Laptop,SlateGray,14678,143,7770,2017-07-09,2018-08-08,1,6
669,56404,StickerMediumVioletRed41579,72.78,Sticker,MediumVioletRed,5267,389,2893,2017-05-21,2017-06-20,1,4
670,19933,MattressMidnightBlue5934,21.15,Mattress,MidnightBlue,49088,229,9804,2018-01-25,2018-02-24,0,7
671,53497,PhoneHoneyDew45476,75.9,Phone,HoneyDew,24928,249,9527,2017-04-15,2018-07-21,1,5
672,16481,JewelryLightSeaGreen6866,47.75,Jewelry,LightSeaGreen,31697,372,2349,2018-06-04,2018-10-15,0,5
673,40509,ClotherGhostWhite12750,52.63,Clother,GhostWhite,25530,128,5045,2017-07-26,2017-08-25,1,3
674,17651,MattressMagenta18063,52.49,Mattress,Magenta,39353,485,6963,2017-10-13,2018-09-10,0,1
675,26794,WatchAqua20337,91.3,Watch,Aqua,13369,249,8492,2018-05-17,2018-06-16,1,2
676,42239,ClotherSpringGreen21680,8.23,Clother,SpringGreen,15247,371,2026,2017-04-03,2017-08-05,1,0
677,26233,LaptopMediumBlue42265,98.69,Laptop,MediumBlue,12760,107,7657,2018-10-29,2018-11-28,0,0
678,20470,BikeSnow27241,1.7,Bike,Snow,37362,315,5000,2018-09-17,2018-10-17,1,0
679,52554,LaptopRosyBrown9477,29.86,Laptop,RosyBrown,39729,164,8207,2018-06-29,2018-07-29,1,7
680,13723,BikeSandyBrown11501,56.91,Bike,SandyBrown,39736,224,7068,2017-12-03,2018-01-02,0,7
681,14863,PhonePlum17414,98.13,Phone,Plum,49473,363,7849,2018-03-27,2018-04-26,0,1
682,14934,PhoneLawnGreen48536,7.32,Phone,LawnGreen,8146,316,4403,2018-10-25,2018-11-24,1,0
683,51462,ClotherFireBrick8752,35.25,Clother,FireBrick,42969,182,1723,2017-02-07,2018-07-12,0,4
684,24989,JewelryOrange19060,22.85,Jewelry,Orange,17550,112,390,2017-01-01,2017-07-28,0,5
685,21719,MattressYellow17779,13.94,Mattress,Yellow,39292,152,4322,2018-08-12,2018-09-11,1,6
686,39464,LaptopMediumSlateBlue14653,91.29,Laptop,MediumSlateBlue,1406,82,5819,2018-10-23,2018-11-22,1,2
687,44229,BikePeru39121,35.28,Bike,Peru,48702,347,2187,2017-02-13,2017-10-21,1,7
688,26384,MattressDimGray39636,4.89,Mattress,DimGray,20873,151,2868,2018-05-21,2018-06-20,1,1
689,35892,BikeIndianRed28786,7.73,Bike,IndianRed,585,169,5213,2017-07-24,2017-08-23,1,2
690,47256,JewelryOrangeRed26588,90.59,Jewelry,OrangeRed,11873,457,1645,2017-02-18,2018-02-12,1,4
691,47447,StickerCrimson45158,51.38,Sticker,Crimson,643,253,5604,2017-10-29,2018-10-27,0,5
692,36355,LampLightGoldenRodYellow18023,57.34,Lamp,LightGoldenRodYellow,13615,46,7061,2018-10-11,2018-11-10,0,2
693,20417,StickerSandyBrown37549,47.76,Sticker,SandyBrown,15867,337,3556,2017-12-19,2018-02-17,1,7
694,53095,PhoneLightCyan2723,25.59,Phone,LightCyan,5459,191,1696,2018-07-27,2018-08-26,1,3
695,25895,LampYellowGreen55886,45.54,Lamp,YellowGreen,13705,204,952,2018-05-01,2018-05-31,1,7
696,40853,PhoneDarkBlue25474,54.91,Phone,DarkBlue,6678,65,8770,2018-02-23,2018-12-16,0,9
697,41739,BikeSteelBlue8120,88.14,Bike,SteelBlue,21926,290,3104,2018-03-14,2018-04-30,1,3
698,54592,PhoneWhite45978,22.16,Phone,White,16449,357,5992,2018-10-08,2018-11-07,0,5
699,24614,LaptopAqua56239,11.5,Laptop,Aqua,8680,145,3867,2017-10-30,2018-07-05,0,6
700,43911,ClotherLinen20218,77.23,Clother,Linen,31059,296,583,2017-06-21,2017-12-21,1,2
701,28755,BikeMediumSpringGreen36283,53.73,Bike,MediumSpringGreen,40817,37,3015,2017-03-26,2018-10-28,1,2
702,18091,WatchDarkSlateGray21936,74.48,Watch,DarkSlateGray,845,230,2440,2017-05-19,2017-05-26,0,0
703,10475,BikeSnow20645,87.5,Bike,Snow,13562,163,2930,2017-12-10,2018-01-09,0,9
704,14445,JewelryLawnGreen18857,51.3,Jewelry,LawnGreen,42862,104,3412,2017-10-24,2017-11-23,1,5
705,44969,BikePapayaWhip21233,86.4,Bike,PapayaWhip,19483,343,4148,2018-07-21,2018-08-20,0,4
706,22959,ClotherDarkOliveGreen46840,37.69,Clother,DarkOliveGreen,13170,216,138,2018-10-05,2018-11-04,1,6
707,14098,WatchDarkBlue5557,63.42,Watch,DarkBlue,43461,253,1558,2018-11-29,2018-12-29,0,8
708,19011,WatchSteelBlue35954,68.69,Watch,SteelBlue,5947,148,4928,2017-09-19,2017-10-19,0,5
709,24926,StickerSaddleBrown5355,25.81,Sticker,SaddleBrown,20915,447,1410,2017-10-13,2017-11-12,0,0
710,32592,LampMistyRose54983,91.55,Lamp,MistyRose,6032,82,4496,2017-11-01,2017-12-01,1,0
711,16962,LaptopLemonChiffon47758,27.64,Laptop,LemonChiffon,39404,421,5211,2017-02-14,2018-12-30,1,8
712,23215,MattressLightSteelBlue42756,56.7,Mattress,LightSteelBlue,27016,321,2414,2017-01-14,2018-08-03,1,3
713,17702,BikeLightGoldenRodYellow13041,92.42,Bike,LightGoldenRodYellow,8696,357,8358,2018-12-17,2018-12-31,0,3
714,32876,LaptopSeaGreen50521,44.66,Laptop,SeaGreen,3547,397,4699,2018-11-23,2018-12-23,0,7
715,50754,JewelryDarkRed56141,93.28,Jewelry,DarkRed,24448,22,7600,2017-03-04,2017-12-08,1,0
716,12797,LampGhostWhite17374,18.28,Lamp,GhostWhite,7312,143,2777,2017-10-29,2018-04-16,1,3
717,34864,MattressLightGoldenRodYellow32359,60.42,Mattress,LightGoldenRodYellow,29100,392,8884,2017-04-05,2017-09-08,1,5
718,47563,LaptopIvory53540,84.17,Laptop,Ivory,23561,396,4125,2017-08-10,2018-07-04,1,5
719,32175,LaptopMoccasin53361,65.36,Laptop,Moccasin,17708,150,5557,2017-04-01,2018-10-09,1,7
720,52469,PhoneLinen55362,81.93,Phone,Linen,41364,481,457,2017-07-10,2018-06-20,0,8
721,30019,LampForestGreen34507,34.55,Lamp,ForestGreen,2425,416,8982,2018-05-02,2018-12-17,1,3
722,30399,MattressMistyRose50732,55.19,Mattress,MistyRose,4780,345,1396,2018-09-16,2018-10-16,1,2
723,12650,JewelryNavy24455,4.65,Jewelry,Navy,25640,66,4203,2018-08-11,2018-09-10,1,6
724,41079,MattressDarkViolet53810,82.3,Mattress,DarkViolet,17109,466,7086,2018-01-12,2018-04-15,0,5
725,47152,BikeRoyalBlue55059,34.97,Bike,RoyalBlue,30428,234,7642,2018-04-11,2018-08-10,0,5
726,36229,ClotherSienna12099,11.92,Clother,Sienna,33076,2,9445,2018-10-23,2018-11-22,0,6
727,23532,WatchAquamarine22768,63.57,Watch,Aquamarine,40469,55,903,2017-04-08,2018-05-27,0,6
728,25599,BikePaleGreen51588,31.48,Bike,PaleGreen,13920,139,632,2017-02-10,2017-03-12,1,9
729,31631,LaptopLightBlue5512,65.57,Laptop,LightBlue,38739,358,762,2018-01-29,2018-05-20,1,7
730,54661,StickerFireBrick34307,88.83,Sticker,FireBrick,44047,469,9559,2018-09-15,2018-10-15,1,5
731,54125,ClotherMidnightBlue11702,70.94,Clother,MidnightBlue,19262,190,7137,2018-04-07,2018-05-07,0,4
732,53383,WatchCornsilk5605,72.21,Watch,Cornsilk,39514,336,8680,2018-06-02,2018-11-04,0,3
733,40559,BikeDarkSalmon52176,61.58,Bike,DarkSalmon,21510,145,4547,2018-03-29,2018-04-28,0,6
734,59395,JewelryBlue54865,94.75,Jewelry,Blue,13789,278,5143,2017-11-06,2018-05-15,1,1
735,30142,LampLinen11154,10.75,Lamp,Linen,21717,298,5495,2018-07-05,2018-08-04,1,2
736,53193,StickerPaleVioletRed40468,89.52,Sticker,PaleVioletRed,7528,378,5706,2018-10-17,2018-11-16,0,6
737,46765,LaptopTan43598,69.45,Laptop,Tan,24035,45,9250,2018-02-16,2018-03-18,1,1
738,54349,BikeLightGreen23522,80.33,Bike,LightGreen,45125,472,90,2018-06-05,2018-07-05,0,9
739,10963,WatchSeaGreen488,72.19,Watch,SeaGreen,17328,140,723,2018-05-17,2018-06-16,1,2
740,26760,LampTan28916,60.51,Lamp,Tan,22235,348,4536,2018-12-21,2018-12-31,1,0
741,48780,ClotherBlue24072,53.18,Clother,Blue,14528,133,5850,2017-06-28,2018-04-07,1,5
742,37514,JewelryChocolate12607,59.67,Jewelry,Chocolate,28545,429,258,2017-08-03,2018-03-13,0,0
743,19437,WatchDarkKhaki52946,97.33,Watch,DarkKhaki,42489,181,8667,2018-10-19,2018-11-18,0,4
744,14089,ClotherHoneyDew21402,93.11,Clother,HoneyDew,8123,477,693,2018-07-24,2018-08-23,0,3
745,25491,LaptopGhostWhite5827,38.29,Laptop,GhostWhite,27502,473,232,2017-12-05,2018-01-04,1,0
746,18116,MattressDarkSlateGray25501,84.67,Mattress,DarkSlateGray,36348,219,8291,2018-06-04,2018-07-04,0,3
747,40386,StickerDarkViolet29550,56.83,Sticker,DarkViolet,28067,468,7714,2017-10-22,2017-12-21,0,2
748,51694,MattressMediumBlue19608,93.26,Mattress,MediumBlue,8108,406,9274,2018-07-28,2018-08-27,1,6
749,21681,ClotherLightPink55749,26.46,Clother,LightPink,17240,482,3592,2017-08-18,2017-09-17,0,3
750,26611,LampGhostWhite39574,96.9,Lamp,GhostWhite,25342,356,7979,2017-11-14,2017-11-22,1,6
751,51294,LampBrown8170,30.32,Lamp,Brown,45397,481,7469,2017-04-20,2017-07-25,1,3
752,32737,WatchBlue54339,51.77,Watch,Blue,23330,67,5158,2017-09-04,2017-10-04,0,8
753,15725,LampSlateBlue570,57.37,Lamp,SlateBlue,18614,260,4015,2017-07-15,2017-08-08,0,6
754,33494,LaptopChocolate27801,21.42,Laptop,Chocolate,8950,497,7965,2018-01-27,2018-12-11,1,3
755,18244,LampPaleGreen28401,32.76,Lamp,PaleGreen,33654,180,9797,2018-10-06,2018-11-20,1,5
756,33711,LampChartreuse32578,37.46,Lamp,Chartreuse,24053,467,3865,2018-11-07,2018-12-07,1,9
757,40954,ClotherDarkBlue33338,88.58,Clother,DarkBlue,25827,256,7158,2018-01-12,2018-02-24,0,6
758,57409,PhoneSalmon26268,57.18,Phone,Salmon,12830,306,6482,2018-05-18,2018-12-26,0,3
759,40258,MattressOrangeRed25032,50.73,Mattress,OrangeRed,32704,475,2982,2017-01-20,2018-12-08,1,2
760,19827,ClotherBlanchedAlmond11104,11.43,Clother,BlanchedAlmond,3986,25,1934,2018-11-02,2018-12-02,0,0
761,17359,StickerTan55745,44.6,Sticker,Tan,14675,31,2926,2018-01-07,2018-02-04,0,5
762,30939,LampDarkViolet2094,55.83,Lamp,DarkViolet,3322,457,6641,2018-02-27,2018-03-29,1,0
763,28605,StickerAqua47981,67.18,Sticker,Aqua,15158,229,5919,2017-10-08,2018-05-11,1,4
764,41020,ClotherPurple51084,46.89,Clother,Purple,49075,107,4155,2018-11-07,2018-12-07,0,9
765,13363,LaptopMagenta18343,53.2,Laptop,Magenta,45117,96,5974,2017-12-02,2018-01-01,0,5
766,17293,MattressOrchid21216,44.15,Mattress,Orchid,19258,389,1514,2017-02-16,2018-08-26,0,1
767,44161,ClotherLightSeaGreen14797,55.28,Clother,LightSeaGreen,1056,279,4577,2018-06-02,2018-09-19,1,3
768,27520,BikePurple40417,81.45,Bike,Purple,18384,5,7406,2018-10-05,2018-11-04,1,8
769,56965,ClotherLime22648,21.83,Clother,Lime,31149,123,1011,2018-11-11,2018-12-11,1,9
770,19404,JewelryGreen12814,13.75,Jewelry,Green,35612,147,3509,2017-11-01,2017-12-01,0,6
771,20163,BikeAzure9491,61.46,Bike,Azure,48254,22,4454,2017-06-12,2018-05-20,0,0
772,46065,ClotherMediumBlue19164,94.35,Clother,MediumBlue,24146,6,4021,2018-05-07,2018-06-06,1,5
773,49019,WatchMediumSlateBlue7840,87.4,Watch,MediumSlateBlue,7179,267,5547,2017-02-18,2017-03-23,1,1
774,12207,LampLimeGreen42911,52.96,Lamp,LimeGreen,36243,38,7437,2017-11-09,2018-09-24,1,5
775,33709,ClotherNavy10530,56.44,Clother,Navy,4271,425,891,2018-09-30,2018-10-30,0,2
776,21225,PhoneDarkOliveGreen33908,78.31,Phone,DarkOliveGreen,7385,195,6958,2017-06-29,2018-10-09,1,3
777,42222,JewelryBlueViolet35739,60.94,Jewelry,BlueViolet,15245,18,708,2017-11-06,2018-02-16,0,0
778,50452,MattressPlum38789,77.85,Mattress,Plum,859,306,3286,2017-06-16,2017-07-16,0,2
779,53954,WatchBrown5633,47.74,Watch,Brown,29507,224,9926,2018-02-16,2018-03-18,0,9
780,14044,ClotherCoral47684,12.23,Clother,Coral,1356,327,3061,2018-08-15,2018-11-29,0,3
781,42976,WatchMaroon54712,5.84,Watch,Maroon,45104,282,3038,2018-11-26,2018-12-26,0,1
782,23198,MattressDarkRed10409,79.33,Mattress,DarkRed,25685,334,712,2018-07-13,2018-08-12,0,5
783,26215,JewelryHoneyDew19534,19.65,Jewelry,HoneyDew,42387,99,3916,2017-01-13,2018-08-30,1,4
784,30273,StickerSeaShell16221,43.35,Sticker,SeaShell,44637,486,9892,2018-08-30,2018-09-29,0,5
785,39336,PhoneMintCream42055,27.7,Phone,MintCream,19883,76,5427,2018-11-13,2018-12-13,1,5
786,55625,BikeNavy17528,99.95,Bike,Navy,7650,457,6282,2018-01-29,2018-11-30,1,3
787,59018,JewelryKhaki43175,48.32,Jewelry,Khaki,16,490,5900,2017-05-08,2018-05-10,1,2
788,23195,ClotherDarkTurquoise32323,67.53,Clother,DarkTurquoise,4682,227,8511,2018-03-08,2018-04-07,0,7
789,46548,BikeGoldenRod13064,30.48,Bike,GoldenRod,5139,152,1719,2018-03-19,2018-04-18,0,6
790,44804,ClotherDarkOliveGreen11979,8.8,Clother,DarkOliveGreen,6099,292,1356,2018-09-15,2018-10-15,0,0
791,33508,JewelryDarkViolet39142,28.69,Jewelry,DarkViolet,19397,3,6121,2017-07-29,2018-02-05,1,6
792,37633,StickerDeepSkyBlue6360,13.18,Sticker,DeepSkyBlue,14576,9,9516,2017-11-09,2018-12-05,0,1
793,13250,BikeDarkOrchid47920,76.15,Bike,DarkOrchid,34502,395,3691,2017-04-15,2018-12-25,1,9
794,38842,ClotherSienna20464,25.52,Clother,Sienna,42145,160,2082,2017-04-01,2018-05-06,1,1
795,31345,StickerHotPink16584,67.88,Sticker,HotPink,39000,188,8843,2017-11-11,2018-03-05,1,8
796,39052,StickerCadetBlue56372,17.22,Sticker,CadetBlue,40549,123,7934,2017-11-20,2017-12-20,1,0
797,10556,LaptopDarkMagenta12261,12.31,Laptop,DarkMagenta,20064,62,6608,2018-04-23,2018-08-23,0,8
798,12160,LampSteelBlue22454,48.97,Lamp,SteelBlue,5083,446,1060,2018-10-29,2018-11-28,0,4
799,56608,JewelryMintCream11364,80.6,Jewelry,MintCream,48445,76,8989,2017-09-14,2018-04-22,1,8
800,56859,BikeBlue22313,84.67,Bike,Blue,13051,116,2491,2017-11-28,2018-02-09,0,6
801,18322,PhoneDarkOrchid24102,9.34,Phone,DarkOrchid,49651,432,9436,2017-06-23,2018-06-17,0,4
802,40673,PhoneLightGreen30743,57.57,Phone,LightGreen,40311,65,2584,2017-12-27,2018-01-26,1,5
803,25544,WatchDarkGoldenRod18775,83.75,Watch,DarkGoldenRod,41918,429,3320,2018-08-27,2018-09-26,0,5
804,41880,ClotherMagenta11294,87.64,Clother,Magenta,24643,349,3927,2017-02-10,2018-05-23,0,6
805,47143,StickerLime8943,61.74,Sticker,Lime,44896,304,8030,2017-07-16,2018-03-31,0,9
806,30634,WatchTeal16972,11.6,Watch,Teal,30624,372,6268,2018-06-28,2018-07-28,1,2
807,37596,ClotherMagenta16779,18.9,Clother,Magenta,32173,109,4343,2017-12-25,2018-01-24,1,2
808,41183,BikeLightSkyBlue21080,58.16,Bike,LightSkyBlue,35047,72,5518,2017-02-14,2018-09-24,1,3
809,25137,JewelryLavenderBlush48190,58.67,Jewelry,LavenderBlush,15346,228,8564,2018-05-12,2018-06-11,0,4
810,31541,BikeCrimson50980,52.57,Bike,Crimson,14017,364,1435,2018-03-17,2018-04-16,0,3
811,59747,BikeGainsboro13190,47.17,Bike,Gainsboro,22448,87,5598,2018-04-08,2018-05-08,1,7
812,35164,WatchPeru20266,84.49,Watch,Peru,2270,169,2950,2018-10-26,2018-11-25,0,0
813,17090,PhoneSaddleBrown47533,74.24,Phone,SaddleBrown,23529,5,2119,2017-01-17,2017-05-27,0,1
814,54494,WatchLightGray29002,52.1,Watch,LightGray,23752,254,6763,2017-11-21,2018-07-04,1,8
815,29016,WatchPurple56836,13.67,Watch,Purple,19256,425,8615,2018-04-26,2018-05-26,1,5
816,24388,MattressCadetBlue23149,34.79,Mattress,CadetBlue,49254,350,6615,2018-06-24,2018-07-24,1,8
817,36907,LampRoyalBlue31353,78.27,Lamp,RoyalBlue,358,105,556,2018-09-17,2018-10-17,1,1
818,18600,JewelryMaroon39124,56.33,Jewelry,Maroon,78,103,7461,2018-04-12,2018-06-17,0,3
819,22124,StickerOrange631,62.4,Sticker,Orange,4174,420,9851,2017-10-03,2018-05-15,0,2
820,33129,WatchDarkOrchid14441,22.67,Watch,DarkOrchid,37340,38,5199,2017-07-21,2017-09-06,1,3
821,28449,LaptopRed49537,49.2,Laptop,Red,35610,17,9015,2018-07-24,2018-08-23,1,6
822,51955,LaptopLightSalmon41977,15.76,Laptop,LightSalmon,8777,174,9127,2018-03-16,2018-04-15,0,1
823,12861,LampGray54613,94.62,Lamp,Gray,48558,435,2248,2018-02-17,2018-03-19,0,9
824,26056,PhoneMediumOrchid33553,60.6,Phone,MediumOrchid,33408,132,8938,2018-01-06,2018-02-05,0,2
825,37827,StickerLightBlue36890,57.96,Sticker,LightBlue,605,267,7538,2018-06-29,2018-07-29,0,5
826,49721,LaptopPowderBlue31880,67.54,Laptop,PowderBlue,3047,37,2135,2018-12-02,2018-12-31,0,7
827,51077,LampOlive40269,47.2,Lamp,Olive,17047,26,9620,2017-07-19,2017-08-18,0,0
828,20598,MattressFloralWhite37664,90.87,Mattress,FloralWhite,49536,206,1581,2017-07-28,2018-04-21,0,1
829,53694,JewelryLightSlateGray17131,47.5,Jewelry,LightSlateGray,43129,223,3789,2017-04-06,2018-05-23,0,4
830,37484,LaptopIndianRed52357,33.32,Laptop,IndianRed,10688,118,7375,2017-07-26,2018-10-08,1,5
831,57024,LaptopRosyBrown7395,72.39,Laptop,RosyBrown,2808,90,8837,2017-05-08,2017-06-07,1,6
832,12712,JewelryOlive23156,37.6,Jewelry,Olive,33604,32,5451,2018-12-14,2018-12-31,1,9
833,31379,ClotherHotPink16082,83.62,Clother,HotPink,17514,388,1597,2017-07-01,2018-04-10,1,8
834,45657,LaptopDarkBlue13478,22.19,Laptop,DarkBlue,18080,52,2677,2017-05-17,2018-03-19,0,7
835,44131,MattressGoldenRod32943,99.1,Mattress,GoldenRod,2250,468,976,2017-04-16,2018-09-09,1,4
836,17488,JewelryAliceBlue50958,1.0,Jewelry,AliceBlue,13038,130,5946,2018-01-14,2018-02-13,0,0
837,32398,BikeDarkGray599,94.96,Bike,DarkGray,48160,55,2547,2017-02-17,2018-03-06,1,5
838,51361,JewelryLightCoral54115,14.73,Jewelry,LightCoral,20624,409,7361,2017-04-03,2018-06-21,1,1
839,50578,ClotherIvory18844,32.4,Clother,Ivory,4905,252,4088,2018-05-18,2018-06-17,0,3
840,51024,StickerMagenta6661,71.54,Sticker,Magenta,47544,270,7197,2017-04-07,2018-10-30,1,8
841,31875,LaptopHotPink25133,27.4,Laptop,HotPink,12096,40,9352,2017-02-02,2018-06-24,1,5
842,55962,StickerIvory52810,27.64,Sticker,Ivory,30115,309,6336,2018-10-21,2018-11-14,1,0
843,49344,JewelryDarkGreen43781,30.48,Jewelry,DarkGreen,8409,142,4232,2018-10-23,2018-11-22,1,7
844,31439,StickerDarkSlateGray30404,10.43,Sticker,DarkSlateGray,27448,3,1040,2018-10-18,2018-11-17,1,9
845,15546,PhoneKhaki51153,50.66,Phone,Khaki,40550,364,8187,2018-03-30,2018-04-29,1,9
846,18102,MattressLightCyan7253,36.69,Mattress,LightCyan,22899,57,8384,2017-01-26,2017-02-26,0,6
847,41217,LaptopWheat31766,52.85,Laptop,Wheat,36458,314,3972,2018-03-10,2018-04-09,1,6
848,39005,WatchMintCream28798,59.2,Watch,MintCream,49380,61,307,2017-05-06,2018-09-13,0,1
849,47761,JewelryDeepSkyBlue23267,47.28,Jewelry,DeepSkyBlue,15012,368,1158,2017-12-07,2018-01-06,0,4
850,46051,StickerOlive21212,77.24,Sticker,Olive,31152,382,497,2017-05-06,2017-07-26,1,5
851,38844,PhoneGreen51322,62.17,Phone,Green,27398,251,9658,2017-02-05,2017-02-12,1,1
852,27619,WatchRosyBrown1132,21.97,Watch,RosyBrown,44686,90,7095,2017-07-29,2017-08-28,0,9
853,42073,WatchSkyBlue11221,10.9,Watch,SkyBlue,36711,218,6287,2018-02-03,2018-03-05,0,8
854,15840,MattressLightGoldenRodYellow18541,70.31,Mattress,LightGoldenRodYellow,21584,174,9928,2017-04-04,2018-01-19,0,2
855,42931,LaptopLightSteelBlue3849,8.63,Laptop,LightSteelBlue,861,478,8092,2018-01-31,2018-03-02,0,4
856,30710,WatchMediumSeaGreen23466,16.99,Watch,MediumSeaGreen,40126,111,8391,2018-12-04,2018-12-31,1,9
857,59850,ClotherBrown3703,80.5,Clother,Brown,33847,345,6617,2018-05-22,2018-06-21,0,1
858,55192,ClotherDarkMagenta8660,95.73,Clother,DarkMagenta,12497,343,2699,2017-06-20,2018-08-07,0,0
859,30963,WatchIvory34076,75.1,Watch,Ivory,3839,320,3825,2017-04-17,2017-11-27,1,3
860,12431,LampMaroon31725,2.66,Lamp,Maroon,42052,154,1563,2017-03-24,2017-03-29,0,7
861,33420,BikeFuchsia25269,29.28,Bike,Fuchsia,45403,296,6684,2017-06-07,2017-07-07,0,1
862,46310,MattressSkyBlue23854,60.91,Mattress,SkyBlue,18267,208,6329,2017-10-15,2017-11-14,1,4
863,50332,LampPaleGreen27115,58.39,Lamp,PaleGreen,1156,208,563,2017-02-07,2018-03-09,1,6
864,46007,LaptopLightYellow50795,2.34,Laptop,LightYellow,11460,500,3979,2017-09-30,2017-10-29,0,1
865,40836,WatchMediumOrchid37115,62.92,Watch,MediumOrchid,49831,323,6726,2018-04-28,2018-05-19,1,4
866,39135,PhoneCornsilk10615,51.7,Phone,Cornsilk,13813,249,2917,2017-07-27,2018-01-13,0,6
867,13247,BikeLawnGreen55342,84.9,Bike,LawnGreen,46557,143,6292,2017-09-19,2017-10-14,0,1
868,43989,JewelryDarkSalmon9845,46.22,Jewelry,DarkSalmon,45782,304,1217,2017-11-04,2017-12-04,1,3
869,38468,BikeMoccasin17519,36.6,Bike,Moccasin,6776,466,9501,2018-10-06,2018-10-09,1,9
870,44105,MattressPapayaWhip5601,22.89,Mattress,PapayaWhip,31212,341,2081,2018-11-29,2018-12-29,1,2
871,15099,ClotherBurlyWood7914,35.8,Clother,BurlyWood,43119,105,1272,2018-09-29,2018-10-29,1,8
872,53396,BikePaleTurquoise41649,74.16,Bike,PaleTurquoise,11562,116,4396,2018-12-30,2018-12-31,1,8
873,36335,LaptopChartreuse35407,14.48,Laptop,Chartreuse,34454,359,8350,2017-04-08,2018-06-19,0,9
874,21022,LaptopBlanchedAlmond27771,22.47,Laptop,BlanchedAlmond,3190,284,7725,2018-04-09,2018-05-09,1,2
875,13699,JewelryLemonChiffon4698,81.39,Jewelry,LemonChiffon,39127,1,3193,2018-04-11,2018-08-11,0,1
876,27131,ClotherTomato21464,62.18,Clother,Tomato,41754,61,4313,2017-04-10,2018-06-14,1,8
877,56668,JewelryDarkGreen51857,56.23,Jewelry,DarkGreen,13875,108,5836,2017-08-05,2017-09-04,0,3
878,54687,JewelryCoral28197,94.34,Jewelry,Coral,11514,201,6731,2018-11-24,2018-12-24,1,5
879,50029,PhoneLinen52271,96.81,Phone,Linen,2690,80,9369,2018-07-13,2018-08-12,1,7
880,46039,PhoneThistle4616,61.33,Phone,Thistle,7484,437,2643,2017-03-14,2018-04-08,1,6
881,57327,PhoneMoccasin27997,87.34,Phone,Moccasin,8070,410,4291,2017-01-04,2017-01-27,1,3
882,48740,WatchCadetBlue10894,15.38,Watch,CadetBlue,2352,231,3175,2018-12-16,2018-12-23,0,6
883,34695,ClotherSpringGreen47791,90.14,Clother,SpringGreen,24491,22,9560,2017-08-18,2017-09-17,0,9
884,50966,PhonePaleGreen31561,20.29,Phone,PaleGreen,38421,168,2685,2017-12-28,2018-01-27,0,4
885,20494,BikeMistyRose23162,37.5,Bike,MistyRose,32611,216,621,2018-04-18,2018-05-18,1,8
886,56489,LaptopLightGoldenRodYellow37909,8.9,Laptop,LightGoldenRodYellow,38656,435,7190,2017-04-11,2017-06-05,0,1
887,47071,WatchLimeGreen53681,17.82,Watch,LimeGreen,42634,102,8873,2018-09-29,2018-11-23,0,8
888,24681,MattressPaleVioletRed27656,28.64,Mattress,PaleVioletRed,49783,105,9216,2017-09-15,2017-10-15,0,0
889,11086,LampGray35272,96.38,Lamp,Gray,23958,151,8243,2018-06-29,2018-07-29,0,1
890,20423,MattressSpringGreen10805,90.29,Mattress,SpringGreen,17852,396,7397,2018-08-29,2018-10-02,0,0
891,56554,LaptopMediumSeaGreen38798,64.8,Laptop,MediumSeaGreen,33016,294,6199,2018-01-08,2018-08-25,1,6
892,24318,LaptopWhite3022,80.52,Laptop,White,4817,439,6938,2018-04-26,2018-05-26,0,2
893,54901,BikePaleGreen10097,7.4,Bike,PaleGreen,11151,423,3367,2017-04-04,2017-08-26,1,3
894,11809,BikeAzure4642,6.82,Bike,Azure,25166,343,3955,2018-11-26,2018-12-26,0,0
895,56272,LaptopDarkGray40663,40.23,Laptop,DarkGray,4803,100,8317,2018-10-23,2018-11-22,1,3
896,49255,MattressDarkViolet30559,31.29,Mattress,DarkViolet,19985,273,5854,2018-12-26,2018-12-31,1,2
897,26330,WatchDarkSalmon52796,49.21,Watch,DarkSalmon,32551,79,1740,2018-10-21,2018-11-20,0,9
898,52117,ClotherTan30107,52.2,Clother,Tan,9018,269,7608,2017-10-16,2018-04-14,0,4
899,49622,PhoneLime34797,0.37,Phone,Lime,30701,198,5842,2018-09-19,2018-10-19,0,3
900,36293,ClotherBlanchedAlmond14258,47.18,Clother,BlanchedAlmond,34689,460,7023,2017-07-19,2017-09-20,1,8
901,20820,PhoneBurlyWood40821,63.43,Phone,BurlyWood,7023,462,834,2017-01-09,2017-11-11,1,7
902,42628,LampLightSalmon31316,77.4,Lamp,LightSalmon,39697,74,8415,2018-08-11,2018-09-10,0,1
903,22267,StickerDodgerBlue9790,66.24,Sticker,DodgerBlue,49328,144,7849,2018-05-29,2018-11-08,0,3
904,17821,MattressPeru23746,87.58,Mattress,Peru,23418,372,3723,2017-05-10,2018-06-12,1,8
905,12965,LampDarkCyan56153,93.39,Lamp,DarkCyan,40031,145,5325,2017-01-02,2017-01-22,0,6
906,55433,JewelryKhaki23928,84.78,Jewelry,Khaki,535,279,4530,2017-09-07,2018-06-18,0,3
907,47722,JewelryWheat56644,20.15,Jewelry,Wheat,33370,370,4724,2017-08-06,2018-11-15,0,8
908,22432,ClotherSalmon55159,92.54,Clother,Salmon,377,43,6621,2018-07-25,2018-08-24,0,9
909,13518,WatchMediumAquaMarine22442,19.3,Watch,MediumAquaMarine,29285,223,3346,2018-06-21,2018-07-21,0,8
910,12123,StickerIvory13237,71.3,Sticker,Ivory,31693,468,6337,2018-06-03,2018-07-03,0,5
911,42969,WatchCrimson32016,84.55,Watch,Crimson,264,309,4593,2018-06-16,2018-07-16,0,8
912,32995,LaptopSlateBlue6751,41.68,Laptop,SlateBlue,7555,140,2383,2017-01-08,2018-02-25,0,0
913,31869,LampSlateBlue39884,24.5,Lamp,SlateBlue,2708,429,163,2017-07-04,2018-06-11,0,0
914,41412,BikeSaddleBrown24323,23.11,Bike,SaddleBrown,12238,1,139,2018-06-18,2018-07-18,1,4
915,37963,WatchDarkSeaGreen4571,63.85,Watch,DarkSeaGreen,16774,77,2380,2017-08-28,2017-09-03,0,7
916,26651,StickerWhite26832,78.15,Sticker,White,34305,476,380,2017-08-03,2018-11-26,1,3
917,59641,BikeSeaGreen31449,65.33,Bike,SeaGreen,35548,238,5600,2017-02-25,2017-08-17,0,4
918,26361,WatchMaroon47851,17.28,Watch,Maroon,21249,308,8101,2017-06-30,2017-07-17,1,7
919,56358,LaptopPeru52068,22.85,Laptop,Peru,15151,271,4800,2018-12-23,2018-12-31,0,9
920,49273,LaptopRed23253,1.95,Laptop,Red,15734,435,3190,2017-11-24,2018-01-01,0,6
921,48908,BikeDarkSeaGreen19576,44.6,Bike,DarkSeaGreen,11184,176,9509,2018-02-05,2018-04-12,0,7
922,40244,LampLightYellow14620,21.64,Lamp,LightYellow,17682,238,253,2018-08-16,2018-09-15,0,7
923,26566,WatchDarkGreen33962,35.79,Watch,DarkGreen,14368,449,6712,2017-01-03,2018-10-25,0,7
924,43923,StickerPaleGoldenRod28756,95.5,Sticker,PaleGoldenRod,22486,433,9427,2018-01-11,2018-08-24,1,6
925,31677,LaptopIndigo5242,27.26,Laptop,Indigo,3215,300,9694,2018-01-09,2018-09-14,0,0
926,10036,BikeCrimson45107,37.24,Bike,Crimson,43799,301,932,2018-08-26,2018-09-25,0,2
927,42501,LaptopLightSkyBlue43942,33.11,Laptop,LightSkyBlue,13906,17,877,2017-07-31,2018-12-10,1,9
928,56125,MattressKhaki11760,90.87,Mattress,Khaki,14200,0,4204,2017-09-17,2018-11-25,1,2
929,17972,LampMediumOrchid5101,55.5,Lamp,MediumOrchid,14921,483,2790,2018-07-17,2018-08-16,0,9
930,51533,ClotherDarkOrchid41707,61.68,Clother,DarkOrchid,5588,24,671,2018-01-29,2018-02-28,1,5
931,23866,JewelryAliceBlue25527,52.21,Jewelry,AliceBlue,27430,388,3884,2018-02-21,2018-03-19,0,8
932,17280,JewelryMediumSpringGreen39989,9.83,Jewelry,MediumSpringGreen,8048,110,1787,2018-04-09,2018-05-09,0,0
933,23339,StickerGray7343,67.24,Sticker,Gray,26886,246,5880,2018-08-18,2018-11-11,0,1
934,13103,PhoneAzure14617,45.85,Phone,Azure,4033,137,8805,2017-12-08,2018-04-26,1,3
935,32282,ClotherTan24753,72.85,Clother,Tan,48153,194,3916,2018-05-16,2018-06-15,0,0
936,26461,StickerCyan43063,12.96,Sticker,Cyan,12544,106,1282,2018-07-29,2018-08-28,1,6
937,43921,LampDarkSlateBlue10456,87.5,Lamp,DarkSlateBlue,17200,79,2211,2017-01-23,2018-09-17,1,8
938,48446,LaptopPlum24137,7.62,Laptop,Plum,1586,327,6252,2018-05-16,2018-11-04,1,3
939,29276,BikeMediumTurquoise11552,11.0,Bike,MediumTurquoise,4966,134,7980,2018-02-26,2018-09-11,0,5
940,51517,BikeGold14653,19.17,Bike,Gold,30978,184,3004,2017-01-04,2018-12-05,0,9
941,31803,LampWheat22639,56.96,Lamp,Wheat,5575,79,7737,2018-12-19,2018-12-31,1,4
942,55858,ClotherDarkRed9645,68.62,Clother,DarkRed,49603,219,3345,2017-08-25,2018-12-24,1,3
943,34284,BikeBisque18110,13.0,Bike,Bisque,33000,370,2491,2017-12-01,2017-12-31,0,5
944,19604,JewelryLightPink54750,67.64,Jewelry,LightPink,39575,65,8229,2018-06-14,2018-08-26,1,9
945,43497,MattressLightCoral11061,8.2,Mattress,LightCoral,31867,100,2476,2017-02-15,2017-10-05,0,4
946,33071,ClotherBisque51080,77.2,Clother,Bisque,21951,119,6674,2018-02-12,2018-03-14,1,3
947,19723,BikeLightCoral28004,90.4,Bike,LightCoral,42658,1,3447,2017-10-23,2018-02-16,0,6
948,18779,LampYellow36192,70.63,Lamp,Yellow,34034,278,1131,2017-12-25,2018-01-24,1,0
949,20912,LaptopOrangeRed10195,30.63,Laptop,OrangeRed,10137,236,8603,2017-03-16,2018-10-29,1,0
950,11107,StickerDarkOrange5722,26.97,Sticker,DarkOrange,19930,196,4019,2018-11-02,2018-12-02,0,7
951,19404,LampAzure5977,47.4,Lamp,Azure,32086,254,1982,2017-10-18,2018-09-18,1,6
952,42056,JewelryDarkRed47041,90.93,Jewelry,DarkRed,26942,352,1471,2018-05-12,2018-06-11,0,5
953,12851,MattressBlanchedAlmond29876,34.27,Mattress,BlanchedAlmond,26182,55,6656,2017-09-30,2018-07-18,0,3
954,42960,BikeFuchsia54631,24.81,Bike,Fuchsia,34375,434,8466,2018-08-27,2018-09-26,1,7
955,10958,StickerLightGray54226,73.5,Sticker,LightGray,4342,379,1707,2017-07-22,2018-06-17,1,9
956,16370,LampMagenta54588,1.16,Lamp,Magenta,39341,97,2571,2017-12-10,2018-01-09,1,7
957,53756,LampFireBrick19046,96.44,Lamp,FireBrick,13601,88,9197,2018-06-18,2018-07-18,0,1
958,12750,WatchDarkRed43488,51.36,Watch,DarkRed,8821,75,9359,2018-06-01,2018-07-01,1,2
959,38057,MattressOrange2203,36.3,Mattress,Orange,48379,125,5286,2017-05-07,2017-10-06,0,7
960,42525,MattressDarkGray52979,82.29,Mattress,DarkGray,7071,460,2527,2018-01-28,2018-02-27,1,9
961,35776,StickerLawnGreen18050,41.6,Sticker,LawnGreen,6989,144,872,2018-09-09,2018-10-09,0,8
962,57775,MattressOrchid48090,88.42,Mattress,Orchid,29181,399,1557,2017-09-27,2017-10-27,0,1
963,23503,BikeViolet47130,94.79,Bike,Violet,31540,438,8908,2017-03-12,2018-05-14,0,6
964,59737,LaptopMediumTurquoise48220,88.74,Laptop,MediumTurquoise,40006,465,6490,2017-01-23,2018-05-21,1,0
965,35270,LampMediumOrchid49223,53.44,Lamp,MediumOrchid,23809,33,8443,2017-10-23,2018-07-30,0,5
966,34085,JewelryLightSlateGray20123,31.64,Jewelry,LightSlateGray,33751,184,1581,2017-08-12,2017-12-07,0,1
967,13331,JewelryDarkKhaki35867,77.17,Jewelry,DarkKhaki,39502,420,8179,2017-01-24,2017-01-28,0,0
968,43219,ClotherOldLace52013,57.63,Clother,OldLace,41074,86,9229,2018-08-28,2018-12-13,0,5
969,53817,LaptopCornflowerBlue55114,5.39,Laptop,CornflowerBlue,9261,477,4977,2018-10-27,2018-11-26,1,6
970,35492,LaptopDarkSlateBlue26588,8.44,Laptop,DarkSlateBlue,11266,155,1527,2018-11-07,2018-12-07,0,1
971,44118,StickerFireBrick19468,77.45,Sticker,FireBrick,48868,197,3768,2018-02-21,2018-10-15,1,6
972,10974,StickerPlum12555,27.73,Sticker,Plum,40318,25,3305,2018-06-02,2018-07-02,1,2
973,23706,WatchDimGray45305,31.74,Watch,DimGray,10974,315,1025,2018-10-08,2018-11-07,1,1
974,42149,JewelryBlanchedAlmond20172,76.34,Jewelry,BlanchedAlmond,43654,5,3095,2018-09-12,2018-10-12,1,6
975,14343,ClotherDarkTurquoise35966,82.86,Clother,DarkTurquoise,37180,300,7758,2018-07-29,2018-08-28,1,0
976,14156,JewelrySkyBlue2966,17.99,Jewelry,SkyBlue,42017,189,9806,2018-12-09,2018-12-31,1,4
977,22622,JewelryAquamarine15496,2.8,Jewelry,Aquamarine,26738,294,8391,2017-03-28,2018-03-14,0,3
978,17254,WatchDarkOrchid49670,80.12,Watch,DarkOrchid,16668,130,9720,2017-06-21,2017-10-04,1,1
979,52336,StickerMediumSlateBlue6110,41.53,Sticker,MediumSlateBlue,12013,116,8519,2017-03-16,2018-06-20,0,1
980,41337,JewelryPeru14543,78.84,Jewelry,Peru,49521,334,2368,2018-10-08,2018-11-07,1,3
981,51750,PhoneDarkGoldenRod21246,91.49,Phone,DarkGoldenRod,48302,332,304,2017-05-19,2017-07-23,0,5
982,19955,JewelryLightCyan19370,18.4,Jewelry,LightCyan,22647,318,1057,2018-03-06,2018-04-05,1,2
983,51904,BikeChocolate10351,79.87,Bike,Chocolate,3283,46,3748,2018-07-23,2018-08-22,1,1
984,55649,StickerCyan30264,43.1,Sticker,Cyan,29036,276,2381,2017-04-20,2017-11-18,0,7
985,38412,JewelryLightCoral49025,29.34,Jewelry,LightCoral,8648,286,5635,2017-02-22,2017-10-21,1,1
986,47532,StickerMoccasin44660,61.72,Sticker,Moccasin,904,104,8110,2018-08-16,2018-09-15,1,9
987,33274,LaptopSienna40466,48.13,Laptop,Sienna,2390,194,6062,2018-03-23,2018-04-22,0,3
988,12816,JewelryHotPink47568,59.0,Jewelry,HotPink,49272,453,8548,2018-12-10,2018-12-31,1,4
989,15883,JewelryDimGray18082,33.38,Jewelry,DimGray,11161,189,4292,2017-07-26,2017-09-27,0,0
990,16394,WatchBlanchedAlmond41853,95.76,Watch,BlanchedAlmond,49573,133,5224,2017-08-21,2017-10-16,1,5
991,36668,PhoneGray31492,46.99,Phone,Gray,36898,369,4550,2018-07-07,2018-08-06,0,3
992,39273,LaptopWheat7109,98.53,Laptop,Wheat,18742,22,5587,2018-11-09,2018-12-09,1,9
993,59440,WatchPaleGreen47105,81.22,Watch,PaleGreen,34693,70,4496,2017-05-29,2018-11-13,1,2
994,36409,BikeMediumSlateBlue41759,34.59,Bike,MediumSlateBlue,7511,428,7422,2018-08-29,2018-09-28,1,5
995,20264,WatchCadetBlue28799,2.8,Watch,CadetBlue,12083,342,4191,2017-03-19,2018-03-04,0,6
996,10167,LaptopDeepSkyBlue2254,52.8,Laptop,DeepSkyBlue,37436,428,7346,2017-04-19,2017-05-19,0,8
997,55593,PhoneCoral28373,7.37,Phone,Coral,15477,99,9551,2018-01-02,2018-02-01,0,2
998,39976,PhoneAliceBlue37298,10.29,Phone,AliceBlue,46144,444,1990,2017-11-24,2017-12-24,1,1
999,11619,BikeDarkMagenta28250,57.26,Bike,DarkMagenta,37050,393,4575,2017-08-17,2017-08-26,1,7
